page_name,page_id,party,source,disclaimer,amount_spent_eur,number_of_ads_in_library,party1,party2,path,date_produced,spend,remove_em
NA,102368056133655,GroenLinks,NA,NA,NA,NA,NA,NA,NA,NA,NA,FALSE
NA,108991395339466,PvdD,NA,NA,NA,NA,NA,NA,NA,NA,NA,FALSE
NA,1986808398204909,CDA,NA,NA,NA,NA,NA,NA,NA,NA,NA,FALSE
SGP Utrechtse Heuvelrug,510879102598586,SGP,NA,NA,NA,NA,NA,NA,NA,NA,NA,FALSE
SGP Utrechtse Heuvelrug,673294653100165,SGP,NA,NA,NA,NA,NA,NA,NA,NA,NA,FALSE
PvdA Waalwijk,108781350908437,PvdA,NA,NA,NA,NA,NA,NA,NA,NA,NA,FALSE
Raoul Boucke,1378051212479416,D66,NA,NA,NA,NA,NA,NA,NA,NA,NA,FALSE
PvdA Het Hogeland,1663807260315461,PvdA,NA,NA,NA,NA,NA,NA,NA,NA,NA,FALSE
PvdA Goes,1412530858983763,PvdA,yo,NA,NA,NA,NA,NA,NA,NA,NA,FALSE
VVD Maasland,1743766155846128,VVD,yo,NA,NA,NA,NA,NA,NA,NA,NA,FALSE
PvdA Nijmegen,1393529407559073,PvdA,yo,NA,NA,NA,NA,NA,NA,NA,NA,FALSE
D66 Goes,1750415495212074,D66,yo,NA,NA,NA,NA,NA,NA,NA,NA,FALSE
Forum voor Democratie Zeeland,1631684917126244,FvD,yo,NA,NA,NA,NA,NA,NA,NA,NA,FALSE
Partij voor de Dieren Almere,1746352698711497,PvdD,yo,NA,NA,NA,NA,NA,NA,NA,NA,FALSE
PvdA Stichtse Vecht,1715340175444649,PvdA,yo,NA,NA,NA,NA,NA,NA,NA,NA,FALSE
SGP Urk,1475272182780528,SGP,yo,NA,NA,NA,NA,NA,NA,NA,NA,FALSE
VVD Wormerland,1196350273823975,VVD,yo,NA,NA,NA,NA,NA,NA,NA,NA,FALSE
FVD Amsterdam,1519997944789254,FvD,NA,NA,NA,NA,NA,NA,NA,NA,NA,FALSE
JFVD,1310158545730624,FvD,NA,NA,NA,NA,NA,NA,NA,NA,NA,FALSE
GroenLinks Aa en Hunze,1940934655935968,GroenLinks,NA,NA,NA,NA,NA,NA,NA,NA,NA,FALSE
GroenLinks Helmond,1411283215766694,GroenLinks,NA,NA,NA,NA,NA,NA,NA,NA,NA,FALSE
Kim van Sparrentak,2326697260991619,GroenLinks,NA,NA,NA,NA,NA,NA,NA,NA,NA,FALSE
GroenLinks Midden-Groningen,1745762299021142,GroenLinks,NA,NA,NA,NA,NA,NA,NA,NA,NA,FALSE
GroenLinks Overbetuwe,1166808893329408,GroenLinks,NA,NA,NA,NA,NA,NA,NA,NA,NA,FALSE
DENK,1550088745275913,DENK,NA,NA,NA,NA,NA,NA,NA,NA,NA,FALSE
Lelystad SGP,1502902726692279,SGP,NA,NA,NA,NA,NA,NA,NA,NA,NA,FALSE
PVV Stichtse Vecht,1967914100151475,PVV,NA,NA,NA,NA,NA,NA,NA,NA,NA,FALSE
PVV Sittard-Geleen,1263240523724892,PVV,NA,NA,NA,NA,NA,NA,NA,NA,NA,FALSE
Meerssense VVD,1160701620720058,VVD,NA,NA,NA,NA,NA,NA,NA,NA,NA,FALSE
VVD Westerkwartier,1011775145585656,VVD,NA,NA,NA,NA,NA,NA,NA,NA,NA,FALSE
VVD Gemert-Bakel,1228215290628525,VVD,NA,NA,NA,NA,NA,NA,NA,NA,NA,FALSE
Rudmer Heerema,1839041743042729,VVD,NA,NA,NA,NA,NA,NA,NA,NA,NA,FALSE
VVD Waterschap Limburg,1563699950578926,VVD,NA,NA,NA,NA,NA,NA,NA,NA,NA,FALSE
De Deurnese VVD,1422274718011012,VVD,NA,NA,NA,NA,NA,NA,NA,NA,NA,FALSE
VVD Altena,1543542572602854,VVD,NA,NA,NA,NA,NA,NA,NA,NA,NA,FALSE
VVD Rhenen,1788767758074479,VVD,NA,NA,NA,NA,NA,NA,NA,NA,NA,FALSE
ChristenUnie Molenlanden,1938971373084052,ChristenUnie,NA,NA,NA,NA,NA,NA,NA,NA,NA,FALSE
Joël Voordewind,1142077739171588,ChristenUnie,NA,NA,NA,NA,NA,NA,NA,NA,NA,FALSE
ChristenUnie Hoeksche Waard,1000182456818319,ChristenUnie,NA,NA,NA,NA,NA,NA,NA,NA,NA,FALSE
Christenunie Hardenberg,1407071029524552,ChristenUnie,NA,NA,NA,NA,NA,NA,NA,NA,NA,FALSE
50plus Tilburg,1069373879746516,50PLUS,NA,NA,NA,NA,NA,NA,NA,NA,NA,FALSE
SP Haarlem,1441662002729821,SP,NA,NA,NA,NA,NA,NA,NA,NA,NA,FALSE
D66 Aalten-Dinxperlo,1248801595203744,D66,NA,NA,NA,NA,NA,NA,NA,NA,NA,FALSE
D66 Noord-Beveland,1729913110668532,D66,NA,NA,NA,NA,NA,NA,NA,NA,NA,FALSE
D66 Soest-Soesterberg,1129208503774916,D66,NA,NA,NA,NA,NA,NA,NA,NA,NA,FALSE
D66 Beekdaelen,1970145503263766,D66,NA,NA,NA,NA,NA,NA,NA,NA,NA,FALSE
Harry van der Molen,1598361623791979,CDA,NA,NA,NA,NA,NA,NA,NA,NA,NA,FALSE
Michel Rog,1701977273392331,CDA,NA,NA,NA,NA,NA,NA,NA,NA,NA,FALSE
CDA Harderwijk Hierden,1595248250741419,CDA,NA,NA,NA,NA,NA,NA,NA,NA,NA,FALSE
CDA Heemskerk,1512067898874085,CDA,NA,NA,NA,NA,NA,NA,NA,NA,NA,FALSE
Wopke Hoekstra,2018408465106868,CDA,NA,NA,NA,NA,NA,NA,NA,NA,NA,FALSE
Joba van den Berg,1844392342447692,CDA,NA,NA,NA,NA,NA,NA,NA,NA,NA,FALSE
Maurits von Martels CDA,1727815447535716,CDA,NA,NA,NA,NA,NA,NA,NA,NA,NA,FALSE
CDA Smallingerland,1787602688161421,CDA,NA,NA,NA,NA,NA,NA,NA,NA,NA,FALSE
Mustafa Amhaouch,1862580210628899,CDA,NA,NA,NA,NA,NA,NA,NA,NA,NA,FALSE
CDA Zuid-Holland,1523833891223465,CDA,NA,NA,NA,NA,NA,NA,NA,NA,NA,FALSE
CDA Ermelo,1417520661873955,CDA,NA,NA,NA,NA,NA,NA,NA,NA,NA,FALSE
CDA Zaanstad,1557210341199535,CDA,NA,NA,NA,NA,NA,NA,NA,NA,NA,FALSE
Raymond Knops,1705660683039799,CDA,NA,NA,NA,NA,NA,NA,NA,NA,NA,FALSE
CDA Ommen,1107043432765171,CDA,NA,NA,NA,NA,NA,NA,NA,NA,NA,FALSE
René Peters,1791229601140644,CDA,NA,NA,NA,NA,NA,NA,NA,NA,NA,FALSE
PvdA Winterswijk,1393972554182063,PvdA,NA,NA,NA,NA,NA,NA,NA,NA,NA,FALSE
PvdA Vlaardingen,1383104228576987,PvdA,NA,NA,NA,NA,NA,NA,NA,NA,NA,FALSE
PvdA Valkenswaard,1422889834673368,PvdA,NA,NA,NA,NA,NA,NA,NA,NA,NA,FALSE
Partij van de Arbeid PvdA Midden-Groningen,1510532972292654,PvdA,NA,NA,NA,NA,NA,NA,NA,NA,NA,FALSE
PvdA Tilburg,1389317844656912,PvdA,NA,NA,NA,NA,NA,NA,NA,NA,NA,FALSE
Pvda Lingewaard,1380763172182215,PvdA,NA,NA,NA,NA,NA,NA,NA,NA,NA,FALSE
PvdA Noordoostpolder,1218520171552619,PvdA,NA,NA,NA,NA,NA,NA,NA,NA,NA,FALSE
Bas van 't Wout,100124381382350,VVD,NA,NA,NA,NA,NA,NA,NA,NA,NA,FALSE
Gijs van Dijk,100291500469490,PvdA,NA,NA,NA,NA,NA,NA,NA,NA,NA,FALSE
Eppo Bruins,100321288229672,ChristenUnie,NA,NA,NA,NA,NA,NA,NA,NA,NA,FALSE
SP Amsterdam,100345376686972,SP,NA,NA,NA,NA,NA,NA,NA,NA,NA,FALSE
Dordtse VVD,101039903379008,VVD,NA,NA,NA,NA,NA,NA,NA,NA,NA,FALSE
Daan Versteeg,1010657719133320,CDA,NA,NA,NA,NA,NA,NA,NA,NA,NA,FALSE
Partij voor de Dieren,102287806490622,PvdD,NA,NA,NA,NA,NA,NA,NA,NA,NA,FALSE
Politieke Partij Delta,102505038393058,Politieke Partij Delta,NA,NA,NA,NA,NA,NA,NA,NA,NA,FALSE
Harmen Krul,102702261651304,CDA,NA,NA,NA,NA,NA,NA,NA,NA,NA,FALSE
PvdA Zwolle,102760393111399,PvdA,NA,NA,NA,NA,NA,NA,NA,NA,NA,FALSE
GO Realisme & Daadkracht,103244341131787,GO,NA,NA,NA,NA,NA,NA,NA,NA,NA,FALSE
Maik Barten - Raadslid VVD Geldrop-Mierlo,103278663447730,VVD,NA,NA,NA,NA,NA,NA,NA,NA,NA,FALSE
GroenLinks Oirschot,103360741627020,GroenLinks,NA,NA,NA,NA,NA,NA,NA,NA,NA,FALSE
Nieuwe Democratie,103365881571818,Nieuwe Democratie,NA,NA,NA,NA,NA,NA,NA,NA,NA,FALSE
Wethouder Cees Pille,103992696348691,VVD,NA,NA,NA,NA,NA,NA,NA,NA,NA,FALSE
Vera Tax,104024417686758,PvdA,NA,NA,NA,NA,NA,NA,NA,NA,NA,FALSE
Thierry Aartsen,1041897309271360,VVD,NA,NA,NA,NA,NA,NA,NA,NA,NA,FALSE
Jelle Beemsterboer,105422274685438,CDA,NA,NA,NA,NA,NA,NA,NA,NA,NA,FALSE
Ja21,106020448037192,Ja21,NA,NA,NA,NA,NA,NA,NA,NA,NA,FALSE
Marco Eestermans PvdA,106235381376023,PvdA,NA,NA,NA,NA,NA,NA,NA,NA,NA,FALSE
CDJA Duin- en Bollenstreek,107407420701832,CDA,NA,NA,NA,NA,NA,NA,NA,NA,NA,FALSE
VVD Gulpen-Wittem,107610150609555,VVD,NA,NA,NA,NA,NA,NA,NA,NA,NA,FALSE
ChristenUnie Urk,107794439556152,ChristenUnie,NA,NA,NA,NA,NA,NA,NA,NA,NA,FALSE
DENK Den Haag,108120604060106,DENK,NA,NA,NA,NA,NA,NA,NA,NA,NA,FALSE
Eveline Tijmstra,108130921151383,CDA,NA,NA,NA,NA,NA,NA,NA,NA,NA,FALSE
Bert-Jan Ruissen,108597633942628,SGP,NA,NA,NA,NA,NA,NA,NA,NA,NA,FALSE
Burger Belangen Nederland,109233967233458,Burger Belangen Nederland,NA,NA,NA,NA,NA,NA,NA,NA,NA,FALSE
Sabine Koebrugge,109868597382077,VVD,NA,NA,NA,NA,NA,NA,NA,NA,NA,FALSE
Politiek Op Maat,110211433868259,Politiek Op Maat,NA,NA,NA,NA,NA,NA,NA,NA,NA,FALSE
Volt Deventer,110753764083012,Volt Nederland,NA,NA,NA,NA,NA,NA,NA,NA,NA,FALSE
Michiel Dijkman Kamerlid Kandidaat #38,111134424085540,CDA,NA,NA,NA,NA,NA,NA,NA,NA,NA,FALSE
GroenLinks Zuid-Holland,111881632210618,GroenLinks,NA,NA,NA,NA,NA,NA,NA,NA,NA,FALSE
Jonge Socialisten in de PvdA,112246298811452,PvdA,NA,NA,NA,NA,NA,NA,NA,NA,NA,FALSE
Liane den Haan,1122985514429410,50PLUS,NA,NA,NA,NA,NA,NA,NA,NA,NA,FALSE
Omdat ik het verdien,112341377212761,PvdA,NA,NA,NA,NA,NA,NA,NA,NA,NA,FALSE
Arne Weverling,112714980596832,VVD,NA,NA,NA,NA,NA,NA,NA,NA,NA,FALSE
Partij van de Arbeid (PvdA),113895885305052,PvdA,NA,NA,NA,NA,NA,NA,NA,NA,NA,FALSE
VVD IJsselstein,114055275385794,VVD,NA,NA,NA,NA,NA,NA,NA,NA,NA,FALSE
De Haagse VVD,114631488645360,VVD,NA,NA,NA,NA,NA,NA,NA,NA,NA,FALSE
VVD Renswoude,115029341980720,VVD,NA,NA,NA,NA,NA,NA,NA,NA,NA,FALSE
PvdA Roosendaal,115241245317898,PvdA,NA,NA,NA,NA,NA,NA,NA,NA,NA,FALSE
GroenLinks Rotterdam,116050085145365,GroenLinks,NA,NA,NA,NA,NA,NA,NA,NA,NA,FALSE
Carla Dik-Faber,1169104093164170,ChristenUnie,NA,NA,NA,NA,NA,NA,NA,NA,NA,FALSE
VVD Vught-Helvoirt-Cromvoirt,117095328492297,VVD,NA,NA,NA,NA,NA,NA,NA,NA,NA,FALSE
VVD Halderberge,117128052210675,VVD,NA,NA,NA,NA,NA,NA,NA,NA,NA,FALSE
VVD Lokaal Netwerk Brussel,117346168281139,VVD,NA,NA,NA,NA,NA,NA,NA,NA,NA,FALSE
D66 Woerden,117481438306203,D66,NA,NA,NA,NA,NA,NA,NA,NA,NA,FALSE
SP Kerkrade,120767601437627,SP,NA,NA,NA,NA,NA,NA,NA,NA,NA,FALSE
SP Zutphen/Warnsveld,1207987872568660,SP,NA,NA,NA,NA,NA,NA,NA,NA,NA,FALSE
VVD,121264564551002,VVD,NA,NA,NA,NA,NA,NA,NA,NA,NA,FALSE
Burgemeester Han van Midden,122476232484830,VVD,NA,NA,NA,NA,NA,NA,NA,NA,NA,FALSE
Partij voor de Dieren Den Haag,122589134531844,PvdD,NA,NA,NA,NA,NA,NA,NA,NA,NA,FALSE
VVD Venlo,123074804424518,VVD,NA,NA,NA,NA,NA,NA,NA,NA,NA,FALSE
PvdA Brabant,123604241074923,PvdA,NA,NA,NA,NA,NA,NA,NA,NA,NA,FALSE
D66 Enschede,123661660977745,D66,NA,NA,NA,NA,NA,NA,NA,NA,NA,FALSE
Klaas Dijkhoff,124282324250399,VVD,NA,NA,NA,NA,NA,NA,NA,NA,NA,FALSE
Bert Veenstra - aspirant kandidaat voor Partij van de Arbeid,1245849062154550,PvdA,NA,NA,NA,NA,NA,NA,NA,NA,NA,FALSE
SP Groningen,125382950819455,SP,NA,NA,NA,NA,NA,NA,NA,NA,NA,FALSE
Libertaire Partij - LP,125663380814227,Libertaire Partij,NA,NA,NA,NA,NA,NA,NA,NA,NA,FALSE
JOVD Eindhoven,128111953937914,VVD,NA,NA,NA,NA,NA,NA,NA,NA,NA,FALSE
SP,128393027527,SP,NA,NA,NA,NA,NA,NA,NA,NA,NA,FALSE
De Utrechtse VVD,128640250574683,VVD,NA,NA,NA,NA,NA,NA,NA,NA,NA,FALSE
Partij voor de Dieren Zeeland,129568950441577,PvdD,NA,NA,NA,NA,NA,NA,NA,NA,NA,FALSE
D66 Eemsdelta,130487254323668,D66,NA,NA,NA,NA,NA,NA,NA,NA,NA,FALSE
D66 's-Hertogenbosch,131158970298702,D66,NA,NA,NA,NA,NA,NA,NA,NA,NA,FALSE
Daniel Koerhuis,1312513348824130,VVD,NA,NA,NA,NA,NA,NA,NA,NA,NA,FALSE
GroenLinks Den Haag,133610523380150,GroenLinks,NA,NA,NA,NA,NA,NA,NA,NA,NA,FALSE
CDA Terneuzen,134845486657988,CDA,NA,NA,NA,NA,NA,NA,NA,NA,NA,FALSE
SGP-jongeren,134898129893433,SGP,NA,NA,NA,NA,NA,NA,NA,NA,NA,FALSE
CDA Katwijk,135376383177889,CDA,NA,NA,NA,NA,NA,NA,NA,NA,NA,FALSE
Arnout van den Bosch - Raadslid PvdA Amstelveen,135501903830947,PvdA,NA,NA,NA,NA,NA,NA,NA,NA,NA,FALSE
"CDJA, CDA-jongeren",135642563196256,CDA,NA,NA,NA,NA,NA,NA,NA,NA,NA,FALSE
VVD Harderwijk-Hierden,135925936464418,VVD,NA,NA,NA,NA,NA,NA,NA,NA,NA,FALSE
SP Rotterdam,136653320218,SP,NA,NA,NA,NA,NA,NA,NA,NA,NA,FALSE
D66 Lingewaard,1377280262539840,D66,NA,NA,NA,NA,NA,NA,NA,NA,NA,FALSE
Agnes Mulder,138208102983774,CDA,NA,NA,NA,NA,NA,NA,NA,NA,NA,FALSE
Thom de Vries D66,138401470173379,D66,NA,NA,NA,NA,NA,NA,NA,NA,NA,FALSE
JOVD Amsterdam e.o.,140197449380734,VVD,NA,NA,NA,NA,NA,NA,NA,NA,NA,FALSE
Pvda Rijswijk,140205082843346,PvdA,NA,NA,NA,NA,NA,NA,NA,NA,NA,FALSE
GroenLinks Alkmaar,1414350562183210,GroenLinks,NA,NA,NA,NA,NA,NA,NA,NA,NA,FALSE
NIDA,1438054859744080,NIDA,NA,NA,NA,NA,NA,NA,NA,NA,NA,FALSE
JOVD Utrecht e.o.,143965825711068,VVD,NA,NA,NA,NA,NA,NA,NA,NA,NA,FALSE
Wethouder Robert van Asten,1440785062866880,D66,NA,NA,NA,NA,NA,NA,NA,NA,NA,FALSE
PvdA Amersfoort,144728552295443,PvdA,NA,NA,NA,NA,NA,NA,NA,NA,NA,FALSE
VVD Leiden,145751698819583,VVD,NA,NA,NA,NA,NA,NA,NA,NA,NA,FALSE
Volt Nederland,146644665960101,Volt Nederland,NA,NA,NA,NA,NA,NA,NA,NA,NA,FALSE
Jos van Ginneken,146649939174312,CDA,NA,NA,NA,NA,NA,NA,NA,NA,NA,FALSE
D66 Zeeland,146790238829202,D66,NA,NA,NA,NA,NA,NA,NA,NA,NA,FALSE
D66 Leiden,147722648491,D66,NA,NA,NA,NA,NA,NA,NA,NA,NA,FALSE
Gert-Jan Segers,147772805659767,ChristenUnie,NA,NA,NA,NA,NA,NA,NA,NA,NA,FALSE
VVD Heemskerk,148005128902583,VVD,NA,NA,NA,NA,NA,NA,NA,NA,NA,FALSE
Ingrid van Wifferen,148530589219712,D66,NA,NA,NA,NA,NA,NA,NA,NA,NA,FALSE
CDA Sint-Michielsgestel,151541561675000,CDA,NA,NA,NA,NA,NA,NA,NA,NA,NA,FALSE
SGP Goeree-Overflakkee,151766691678928,SGP,NA,NA,NA,NA,NA,NA,NA,NA,NA,FALSE
De Amsterdamse VVD,152313778157632,VVD,NA,NA,NA,NA,NA,NA,NA,NA,NA,FALSE
Wetenschappelijk Instituut ChristenUnie,152432188110990,ChristenUnie,NA,NA,NA,NA,NA,NA,NA,NA,NA,FALSE
GroenLinks Berg en Dal,153189941370381,GroenLinks,NA,NA,NA,NA,NA,NA,NA,NA,NA,FALSE
Jonge Democraten,153357044722038,D66,NA,NA,NA,NA,NA,NA,NA,NA,NA,FALSE
D66 Overijssel,153430294762818,D66,NA,NA,NA,NA,NA,NA,NA,NA,NA,FALSE
Partij voor de Dieren Noord-Brabant,153434794680208,PvdD,NA,NA,NA,NA,NA,NA,NA,NA,NA,FALSE
De Rotterdamse VVD,154456451319810,VVD,NA,NA,NA,NA,NA,NA,NA,NA,NA,FALSE
Groenlinks Schagen,154736434721703,GroenLinks,NA,NA,NA,NA,NA,NA,NA,NA,NA,FALSE
Wethouder Klaas Valkering,1555448837895990,CDA,NA,NA,NA,NA,NA,NA,NA,NA,NA,FALSE
D66 Den Haag,155758593317,D66,NA,NA,NA,NA,NA,NA,NA,NA,NA,FALSE
CDA Provincie Utrecht,1559225897625340,CDA,NA,NA,NA,NA,NA,NA,NA,NA,NA,FALSE
VVD Oisterwijk,155956504541781,VVD,NA,NA,NA,NA,NA,NA,NA,NA,NA,FALSE
PVV Lelystad,156993281594555,PVV,NA,NA,NA,NA,NA,NA,NA,NA,NA,FALSE
VVD Gennep,157342181127991,VVD,NA,NA,NA,NA,NA,NA,NA,NA,NA,FALSE
Wiardi Beckman Stichting,157600177601312,PvdA,NA,NA,NA,NA,NA,NA,NA,NA,NA,FALSE
ChristenUnie Zeeland,157671251089913,ChristenUnie,NA,NA,NA,NA,NA,NA,NA,NA,NA,FALSE
D66 Haarlemmermeer,160222337386850,D66,NA,NA,NA,NA,NA,NA,NA,NA,NA,FALSE
Michael Kalthoff,160231627962186,D66,NA,NA,NA,NA,NA,NA,NA,NA,NA,FALSE
VVD Olst-Wijhe,160488060781842,VVD,NA,NA,NA,NA,NA,NA,NA,NA,NA,FALSE
VVD Zoetermeer,162212757160066,VVD,NA,NA,NA,NA,NA,NA,NA,NA,NA,FALSE
Jonge Democraten Amsterdam,163556367006942,D66,NA,NA,NA,NA,NA,NA,NA,NA,NA,FALSE
Marie-José de Bruijn Raadslid Gemeente Beek,1662148977224700,CDA,NA,NA,NA,NA,NA,NA,NA,NA,NA,FALSE
SP Winterswijk,166722416859309,SP,NA,NA,NA,NA,NA,NA,NA,NA,NA,FALSE
D66Velsen,167333296705784,D66,NA,NA,NA,NA,NA,NA,NA,NA,NA,FALSE
VVD Helmond,167597420073347,VVD,NA,NA,NA,NA,NA,NA,NA,NA,NA,FALSE
Piratenpartij Utrecht - PPU,167833720446018,Piratenpartij,NA,NA,NA,NA,NA,NA,NA,NA,NA,FALSE
GroenLinks Dordrecht,168582430001649,GroenLinks,NA,NA,NA,NA,NA,NA,NA,NA,NA,FALSE
VVD Haarlem,169065999840857,VVD,NA,NA,NA,NA,NA,NA,NA,NA,NA,FALSE
ChristenUnie Rijssen-Holten,169693763207431,ChristenUnie,NA,NA,NA,NA,NA,NA,NA,NA,NA,FALSE
VVD Bunnik,169783746552665,VVD,NA,NA,NA,NA,NA,NA,NA,NA,NA,FALSE
PvdA Amsterdam,170060616402275,PvdA,NA,NA,NA,NA,NA,NA,NA,NA,NA,FALSE
Koggenlandse VVD,170320339747730,VVD,NA,NA,NA,NA,NA,NA,NA,NA,NA,FALSE
Rotterdam BIJ1,170469190212212,BIJ1,NA,NA,NA,NA,NA,NA,NA,NA,NA,FALSE
D66 Delft,171999852960244,D66,NA,NA,NA,NA,NA,NA,NA,NA,NA,FALSE
Liberale Partij Maastricht,1725464544369370,Libertaire Partij,NA,NA,NA,NA,NA,NA,NA,NA,NA,FALSE
Jolanda van Gool PvdA073,1734008883285300,PvdA,NA,NA,NA,NA,NA,NA,NA,NA,NA,FALSE
Malik Azmani,1734459723547460,VVD,NA,NA,NA,NA,NA,NA,NA,NA,NA,FALSE
GroenLinks Edam-Volendam,174522982750697,GroenLinks,NA,NA,NA,NA,NA,NA,NA,NA,NA,FALSE
Alkmaarse VVD,174727955895958,VVD,NA,NA,NA,NA,NA,NA,NA,NA,NA,FALSE
Arjan de Vries,174891033059631,PvdA,NA,NA,NA,NA,NA,NA,NA,NA,NA,FALSE
Marius Wiegman,175250373219599,VVD,NA,NA,NA,NA,NA,NA,NA,NA,NA,FALSE
CDA Den Haag,175658419295023,CDA,NA,NA,NA,NA,NA,NA,NA,NA,NA,FALSE
GroenLinks,175740570505,GroenLinks,NA,NA,NA,NA,NA,NA,NA,NA,NA,FALSE
Burgemeester Michiel Pijl,1771461669799660,CDA,NA,NA,NA,NA,NA,NA,NA,NA,NA,FALSE
GroenLinks Veenendaal,180322962326,GroenLinks,NA,NA,NA,NA,NA,NA,NA,NA,NA,FALSE
Partij voor de Dieren Alkmaar,1803486813232260,PvdD,NA,NA,NA,NA,NA,NA,NA,NA,NA,FALSE
Jonge Democraten Leiden - Haaglanden (JD),180992861938464,D66,NA,NA,NA,NA,NA,NA,NA,NA,NA,FALSE
GroenLinks Groningen,181031342395,GroenLinks,NA,NA,NA,NA,NA,NA,NA,NA,NA,FALSE
VVD-Woudenberg,183495805173455,VVD,NA,NA,NA,NA,NA,NA,NA,NA,NA,FALSE
Almeerse VVD,183538275059926,VVD,NA,NA,NA,NA,NA,NA,NA,NA,NA,FALSE
CDA Hoeksche Waard,184189882389473,CDA,NA,NA,NA,NA,NA,NA,NA,NA,NA,FALSE
PVV Hengelo,185988911871870,PVV,NA,NA,NA,NA,NA,NA,NA,NA,NA,FALSE
D66 Almere,186370224739032,D66,NA,NA,NA,NA,NA,NA,NA,NA,NA,FALSE
Pvda Beesel-Reuver,186407568165708,PvdA,NA,NA,NA,NA,NA,NA,NA,NA,NA,FALSE
VVD Zwartewaterland,187680031329594,VVD,NA,NA,NA,NA,NA,NA,NA,NA,NA,FALSE
Pvda Hof van Twente,187885148045634,PvdA,NA,NA,NA,NA,NA,NA,NA,NA,NA,FALSE
David Bosch - PVV Utrecht,190051308416101,PVV,NA,NA,NA,NA,NA,NA,NA,NA,NA,FALSE
PINK Limburg,1901080366774590,PvdD,NA,NA,NA,NA,NA,NA,NA,NA,NA,FALSE
PvdA Haarlemmermeer,190173454467936,PvdA,NA,NA,NA,NA,NA,NA,NA,NA,NA,FALSE
PvdA Den Haag,190869220945975,PvdA,NA,NA,NA,NA,NA,NA,NA,NA,NA,FALSE
DWARS Wageningen Oud/Inactief,192028604154756,GroenLinks,NA,NA,NA,NA,NA,NA,NA,NA,NA,FALSE
CDA Harlingen,192600774817587,CDA,NA,NA,NA,NA,NA,NA,NA,NA,NA,FALSE
Jan Hopstaken Raadslid,192705081300674,PvdA,NA,NA,NA,NA,NA,NA,NA,NA,NA,FALSE
CDA Neder-Betuwe,193223164173865,CDA,NA,NA,NA,NA,NA,NA,NA,NA,NA,FALSE
VVD Zwolle,194216524014233,VVD,NA,NA,NA,NA,NA,NA,NA,NA,NA,FALSE
Bossche VVD,194900893890599,VVD,NA,NA,NA,NA,NA,NA,NA,NA,NA,FALSE
CDA Urk,195220513824326,CDA,NA,NA,NA,NA,NA,NA,NA,NA,NA,FALSE
CDA Woudenberg,196310430554710,CDA,NA,NA,NA,NA,NA,NA,NA,NA,NA,FALSE
VVD De Bilt,196419123885680,VVD,NA,NA,NA,NA,NA,NA,NA,NA,NA,FALSE
Wetenschappelijk Instituut Statera,1965306773723580,DENK,NA,NA,NA,NA,NA,NA,NA,NA,NA,FALSE
De Woerdense VVD,197238087060916,VVD,NA,NA,NA,NA,NA,NA,NA,NA,NA,FALSE
D66 Rotterdam,197240740326073,D66,NA,NA,NA,NA,NA,NA,NA,NA,NA,FALSE
VVD Heumen,197435423736962,VVD,NA,NA,NA,NA,NA,NA,NA,NA,NA,FALSE
VVD Wassenaar,197515056951719,VVD,NA,NA,NA,NA,NA,NA,NA,NA,NA,FALSE
PvdA Europa,199340240080632,PvdA,NA,NA,NA,NA,NA,NA,NA,NA,NA,FALSE
CDA Doetinchem,199385600271549,CDA,NA,NA,NA,NA,NA,NA,NA,NA,NA,FALSE
PvdA Sluis,1995851374019790,PvdA,NA,NA,NA,NA,NA,NA,NA,NA,NA,FALSE
JOVD 's-Hertogenbosch e.o.,200799316690979,VVD,NA,NA,NA,NA,NA,NA,NA,NA,NA,FALSE
VVD Roosendaal,201138969999107,VVD,NA,NA,NA,NA,NA,NA,NA,NA,NA,FALSE
D66 Nederweert,201175180237864,D66,NA,NA,NA,NA,NA,NA,NA,NA,NA,FALSE
D66 Waalre,201821126683232,D66,NA,NA,NA,NA,NA,NA,NA,NA,NA,FALSE
Geert Wilders,202064936858448,PVV,NA,NA,NA,NA,NA,NA,NA,NA,NA,FALSE
CDA Hattem,202773499768178,CDA,NA,NA,NA,NA,NA,NA,NA,NA,NA,FALSE
VVD Purmerend,204112443050641,VVD,NA,NA,NA,NA,NA,NA,NA,NA,NA,FALSE
VVD De Fryske Marren,204113719762337,VVD,NA,NA,NA,NA,NA,NA,NA,NA,NA,FALSE
ChristenUnie West Betuwe,205242676331332,ChristenUnie,NA,NA,NA,NA,NA,NA,NA,NA,NA,FALSE
JOVD Flevoland,205880866133496,VVD,NA,NA,NA,NA,NA,NA,NA,NA,NA,FALSE
Esther de Lange,206205079489175,CDA,NA,NA,NA,NA,NA,NA,NA,NA,NA,FALSE
CDA Overijssel,206932742776182,CDA,NA,NA,NA,NA,NA,NA,NA,NA,NA,FALSE
PvdA Midden-Delfland,206998282815876,PvdA,NA,NA,NA,NA,NA,NA,NA,NA,NA,FALSE
Paul Tang,208020512703248,PvdA,NA,NA,NA,NA,NA,NA,NA,NA,NA,FALSE
PvdA Groningen,208032132579030,PvdA,NA,NA,NA,NA,NA,NA,NA,NA,NA,FALSE
SGP-jongeren CK,208182482974377,SGP,NA,NA,NA,NA,NA,NA,NA,NA,NA,FALSE
D66 Heusden,208483356011488,D66,NA,NA,NA,NA,NA,NA,NA,NA,NA,FALSE
Bas Eickhout,208578955894331,GroenLinks,NA,NA,NA,NA,NA,NA,NA,NA,NA,FALSE
Bas de Wit,2089589647982370,VVD,NA,NA,NA,NA,NA,NA,NA,NA,NA,FALSE
D66Voerendaal,209004852638957,D66,NA,NA,NA,NA,NA,NA,NA,NA,NA,FALSE
D66 Uitgeest,209381922872,D66,NA,NA,NA,NA,NA,NA,NA,NA,NA,FALSE
"PerspectieF, ChristenUnie-jongeren",209648345740233,ChristenUnie,NA,NA,NA,NA,NA,NA,NA,NA,NA,FALSE
CDA Uithoorn - De Kwakel,209971895842485,CDA,NA,NA,NA,NA,NA,NA,NA,NA,NA,FALSE
Wethouder Haydar Erol,211016109549003,GroenLinks,NA,NA,NA,NA,NA,NA,NA,NA,NA,FALSE
Catharina Rinzema,2114625695290780,VVD,NA,NA,NA,NA,NA,NA,NA,NA,NA,FALSE
CDA.sonenbreugel,211527752371216,CDA,NA,NA,NA,NA,NA,NA,NA,NA,NA,FALSE
ChristenUnie,211661062254003,ChristenUnie,NA,NA,NA,NA,NA,NA,NA,NA,NA,FALSE
Jaco Geurts,211966142554381,CDA,NA,NA,NA,NA,NA,NA,NA,NA,NA,FALSE
CDA Stede Broec,213849225325847,CDA,NA,NA,NA,NA,NA,NA,NA,NA,NA,FALSE
VVD Raalte,215048268616589,VVD,NA,NA,NA,NA,NA,NA,NA,NA,NA,FALSE
Partij voor de Dieren Limburg,217567158255542,PvdD,NA,NA,NA,NA,NA,NA,NA,NA,NA,FALSE
50PLUS Gelderland,218046225000851,50PLUS,NA,NA,NA,NA,NA,NA,NA,NA,NA,FALSE
VVD Apeldoorn,218454524993606,VVD,NA,NA,NA,NA,NA,NA,NA,NA,NA,FALSE
ChristenUnie Harderwijk/Hierden,219046481529214,ChristenUnie,NA,NA,NA,NA,NA,NA,NA,NA,NA,FALSE
Benni Leemhuis,219151244837835,GroenLinks,NA,NA,NA,NA,NA,NA,NA,NA,NA,FALSE
PvdA Kerkrade,220138834728873,PvdA,NA,NA,NA,NA,NA,NA,NA,NA,NA,FALSE
CDA Sluis,220440588148776,CDA,NA,NA,NA,NA,NA,NA,NA,NA,NA,FALSE
VVD Almelo,222078441181157,VVD,NA,NA,NA,NA,NA,NA,NA,NA,NA,FALSE
VVD Nijmegen,225044264301061,VVD,NA,NA,NA,NA,NA,NA,NA,NA,NA,FALSE
D66 Groningen,225922380838567,D66,NA,NA,NA,NA,NA,NA,NA,NA,NA,FALSE
Stefan Mees,2266283526750050,VVD,NA,NA,NA,NA,NA,NA,NA,NA,NA,FALSE
GroenLinks Flevoland,227891484046459,GroenLinks,NA,NA,NA,NA,NA,NA,NA,NA,NA,FALSE
D66 Leudal,228095397350613,D66,NA,NA,NA,NA,NA,NA,NA,NA,NA,FALSE
Tom Berendsen,2301184920146130,CDA,NA,NA,NA,NA,NA,NA,NA,NA,NA,FALSE
PvdA Hollands Kroon,230610190325538,PvdA,NA,NA,NA,NA,NA,NA,NA,NA,NA,FALSE
VVD Montfoort,233207220184530,VVD,NA,NA,NA,NA,NA,NA,NA,NA,NA,FALSE
De Nederweerter VVD,233854086775969,VVD,NA,NA,NA,NA,NA,NA,NA,NA,NA,FALSE
PvdA Haren,234858363335659,PvdA,NA,NA,NA,NA,NA,NA,NA,NA,NA,FALSE
D66 Haarlem,235718236590845,D66,NA,NA,NA,NA,NA,NA,NA,NA,NA,FALSE
Jan Middendorp,236051590173019,VVD,NA,NA,NA,NA,NA,NA,NA,NA,NA,FALSE
Chris van Dam,237429380031891,CDA,NA,NA,NA,NA,NA,NA,NA,NA,NA,FALSE
CDA Asten,238075096364508,CDA,NA,NA,NA,NA,NA,NA,NA,NA,NA,FALSE
GroenLinks Westerkwartier,241078299830628,GroenLinks,NA,NA,NA,NA,NA,NA,NA,NA,NA,FALSE
ChristenUnie Ede,242128959237930,ChristenUnie,NA,NA,NA,NA,NA,NA,NA,NA,NA,FALSE
Jonge Democraten Rotterdam,242841979083905,D66,NA,NA,NA,NA,NA,NA,NA,NA,NA,FALSE
VVD Utrechtse Heuvelrug,243926369062604,VVD,NA,NA,NA,NA,NA,NA,NA,NA,NA,FALSE
VVD Opsterland,244357102562650,VVD,NA,NA,NA,NA,NA,NA,NA,NA,NA,FALSE
Leon de Lange - wethouder,246666169164239,D66,NA,NA,NA,NA,NA,NA,NA,NA,NA,FALSE
De Weerter VVD,248861831896013,VVD,NA,NA,NA,NA,NA,NA,NA,NA,NA,FALSE
GroenLinks Arnhem,250437457508,GroenLinks,NA,NA,NA,NA,NA,NA,NA,NA,NA,FALSE
CDA-Hilversum,251158461698171,CDA,NA,NA,NA,NA,NA,NA,NA,NA,NA,FALSE
SGP Jongeren Vallei & Rijn,251558268238889,SGP,NA,NA,NA,NA,NA,NA,NA,NA,NA,FALSE
SP Deventer,252299414886741,SP,NA,NA,NA,NA,NA,NA,NA,NA,NA,FALSE
Kati Piri,254626848046622,PvdA,NA,NA,NA,NA,NA,NA,NA,NA,NA,FALSE
VVD Culemborg,254680748075982,VVD,NA,NA,NA,NA,NA,NA,NA,NA,NA,FALSE
Lodewijk Asscher,254918764596191,PvdA,NA,NA,NA,NA,NA,NA,NA,NA,NA,FALSE
De Oldenzaalse VVD,257508240969596,VVD,NA,NA,NA,NA,NA,NA,NA,NA,NA,FALSE
D66 Tilburg,259119013936,D66,NA,NA,NA,NA,NA,NA,NA,NA,NA,FALSE
Lokaal CDA gemeente Epe,259622384190321,CDA,NA,NA,NA,NA,NA,NA,NA,NA,NA,FALSE
CDA Opsterland,260653317801997,CDA,NA,NA,NA,NA,NA,NA,NA,NA,NA,FALSE
De Heerhugowaardse VVD,261116077361193,VVD,NA,NA,NA,NA,NA,NA,NA,NA,NA,FALSE
Jeroen Recourt,261344514299889,PvdA,NA,NA,NA,NA,NA,NA,NA,NA,NA,FALSE
SGP Krimpen aan den IJssel,261891187284177,SGP,NA,NA,NA,NA,NA,NA,NA,NA,NA,FALSE
CDA Wijchen,262802337226392,CDA,NA,NA,NA,NA,NA,NA,NA,NA,NA,FALSE
Wethouder Johannes Goossen,267091170462122,CDA,NA,NA,NA,NA,NA,NA,NA,NA,NA,FALSE
D66 Westfriesland,267847256626886,D66,NA,NA,NA,NA,NA,NA,NA,NA,NA,FALSE
GroenLinks Leidschendam-Voorburg,270050976436396,GroenLinks,NA,NA,NA,NA,NA,NA,NA,NA,NA,FALSE
D66 Utrecht,272033265993,D66,NA,NA,NA,NA,NA,NA,NA,NA,NA,FALSE
VVD Tilburg,272230419490546,VVD,NA,NA,NA,NA,NA,NA,NA,NA,NA,FALSE
GroenLinks Sint-Michielsgestel,275546039601538,GroenLinks,NA,NA,NA,NA,NA,NA,NA,NA,NA,FALSE
VVD Oldambt,276491789134449,VVD,NA,NA,NA,NA,NA,NA,NA,NA,NA,FALSE
SP Leiden,277015828628,SP,NA,NA,NA,NA,NA,NA,NA,NA,NA,FALSE
ChristenUnie Amsterdam,282108071911694,ChristenUnie,NA,NA,NA,NA,NA,NA,NA,NA,NA,FALSE
VVD Noord-Holland,286480434837730,VVD,NA,NA,NA,NA,NA,NA,NA,NA,NA,FALSE
PvdA Leiden,286855144753205,PvdA,NA,NA,NA,NA,NA,NA,NA,NA,NA,FALSE
SP Breda,289522761094912,SP,NA,NA,NA,NA,NA,NA,NA,NA,NA,FALSE
Partij voor de Dieren Noord-Holland,290134957713451,PvdD,NA,NA,NA,NA,NA,NA,NA,NA,NA,FALSE
Mohammed Chahim,290597421719639,PvdA,NA,NA,NA,NA,NA,NA,NA,NA,NA,FALSE
D66 Amsterdam,290810577595982,D66,NA,NA,NA,NA,NA,NA,NA,NA,NA,FALSE
Burgemeester Huub Hieltjes,292042270961963,VVD,NA,NA,NA,NA,NA,NA,NA,NA,NA,FALSE
D66 Venlo,293145967399764,D66,NA,NA,NA,NA,NA,NA,NA,NA,NA,FALSE
PVV Fryslan,294901587336825,PVV,NA,NA,NA,NA,NA,NA,NA,NA,NA,FALSE
Judith Sargentini,296489277060163,GroenLinks,NA,NA,NA,NA,NA,NA,NA,NA,NA,FALSE
SP Den Haag,305271288472,SP,NA,NA,NA,NA,NA,NA,NA,NA,NA,FALSE
CDA Maastricht,305525042814385,CDA,NA,NA,NA,NA,NA,NA,NA,NA,NA,FALSE
VVD Goeree-Overflakkee,305812906126532,VVD,NA,NA,NA,NA,NA,NA,NA,NA,NA,FALSE
D66 Vught-Helvoirt-Cromvoirt,305998839508251,D66,NA,NA,NA,NA,NA,NA,NA,NA,NA,FALSE
FVD Noord-Brabant,306407210253856,FvD,NA,NA,NA,NA,NA,NA,NA,NA,NA,FALSE
PvdA Reusel De Mierden,306810719374111,PvdA,NA,NA,NA,NA,NA,NA,NA,NA,NA,FALSE
Forum voor Democratie Noord-Holland -FVD,309140246675079,FvD,NA,NA,NA,NA,NA,NA,NA,NA,NA,FALSE
Gestelse VVD,315095378608398,VVD,NA,NA,NA,NA,NA,NA,NA,NA,NA,FALSE
PvdA Borger-Odoorn,316719818346344,PvdA,NA,NA,NA,NA,NA,NA,NA,NA,NA,FALSE
Jeroen Lenaers,316960281776479,CDA,NA,NA,NA,NA,NA,NA,NA,NA,NA,FALSE
ChristenUnie Amersfoort,317349971611583,ChristenUnie,NA,NA,NA,NA,NA,NA,NA,NA,NA,FALSE
Jonge Democraten Limburg,318076088223165,D66,NA,NA,NA,NA,NA,NA,NA,NA,NA,FALSE
VVD Soest/Soesterberg,318840268197219,VVD,NA,NA,NA,NA,NA,NA,NA,NA,NA,FALSE
SGP Staphorst,319519798445256,SGP,NA,NA,NA,NA,NA,NA,NA,NA,NA,FALSE
CDA,320374518118,CDA,NA,NA,NA,NA,NA,NA,NA,NA,NA,FALSE
Pvda Krimpen,320593364806627,PvdA,NA,NA,NA,NA,NA,NA,NA,NA,NA,FALSE
CDA Eemsdelta,321817418536017,CDA,NA,NA,NA,NA,NA,NA,NA,NA,NA,FALSE
CDA Doesburg,323069454456751,CDA,NA,NA,NA,NA,NA,NA,NA,NA,NA,FALSE
D66 Losser,323187547697177,D66,NA,NA,NA,NA,NA,NA,NA,NA,NA,FALSE
GroenLinks 's-Hertogenbosch,325974597457192,GroenLinks,NA,NA,NA,NA,NA,NA,NA,NA,NA,FALSE
VVD Geldrop-Mierlo,325990707510508,VVD,NA,NA,NA,NA,NA,NA,NA,NA,NA,FALSE
JOVD Twente,326639394104734,VVD,NA,NA,NA,NA,NA,NA,NA,NA,NA,FALSE
CDA Zeeland,327605354041024,CDA,NA,NA,NA,NA,NA,NA,NA,NA,NA,FALSE
SP Roermond,330274643781669,SP,NA,NA,NA,NA,NA,NA,NA,NA,NA,FALSE
PvdA Provincie Groningen,330384780486845,PvdA,NA,NA,NA,NA,NA,NA,NA,NA,NA,FALSE
Limburgse VVD,333726830018322,VVD,NA,NA,NA,NA,NA,NA,NA,NA,NA,FALSE
GroenLinks Leiden,334224188495,GroenLinks,NA,NA,NA,NA,NA,NA,NA,NA,NA,FALSE
Hugo de Jonge,337991513008675,CDA,NA,NA,NA,NA,NA,NA,NA,NA,NA,FALSE
SP Veenendaal,339241753098101,SP,NA,NA,NA,NA,NA,NA,NA,NA,NA,FALSE
VVDZeist,339859456128700,VVD,NA,NA,NA,NA,NA,NA,NA,NA,NA,FALSE
CDA Goirle Riel,339932172815655,CDA,NA,NA,NA,NA,NA,NA,NA,NA,NA,FALSE
PvdA Rotterdam,340871992590484,PvdA,NA,NA,NA,NA,NA,NA,NA,NA,NA,FALSE
VVD Middelburg,341298732915644,VVD,NA,NA,NA,NA,NA,NA,NA,NA,NA,FALSE
Jorn Lok - VVD Zutphen,341800552897219,VVD,NA,NA,NA,NA,NA,NA,NA,NA,NA,FALSE
VVD Schiedam,342564449464162,VVD,NA,NA,NA,NA,NA,NA,NA,NA,NA,FALSE
CDA Veenendaal,343995085744200,CDA,NA,NA,NA,NA,NA,NA,NA,NA,NA,FALSE
Dennis Wiersma,344926199223477,VVD,NA,NA,NA,NA,NA,NA,NA,NA,NA,FALSE
VVD Emmen,346093205489554,VVD,NA,NA,NA,NA,NA,NA,NA,NA,NA,FALSE
VVD Bunschoten,346704992122344,VVD,NA,NA,NA,NA,NA,NA,NA,NA,NA,FALSE
50PLUSpartij,347623668624706,50PLUS,NA,NA,NA,NA,NA,NA,NA,NA,NA,FALSE
Wouter Versluijs,348378576067592,D66,NA,NA,NA,NA,NA,NA,NA,NA,NA,FALSE
CDA Utrecht,348600985220459,CDA,NA,NA,NA,NA,NA,NA,NA,NA,NA,FALSE
Richard de Mos,355078465348642,Code Oranje,NA,NA,NA,NA,NA,NA,NA,NA,NA,FALSE
John Kerstens PvdA,355829394541247,PvdA,NA,NA,NA,NA,NA,NA,NA,NA,NA,FALSE
Reinier Van Lanschot,357170858429968,Volt Nederland,NA,NA,NA,NA,NA,NA,NA,NA,NA,FALSE
Vlaardingse VVD,358414441297967,VVD,NA,NA,NA,NA,NA,NA,NA,NA,NA,FALSE
D66 Bommelerwaard,359300587500364,D66,NA,NA,NA,NA,NA,NA,NA,NA,NA,FALSE
VVD Smallingerland,360950014036006,VVD,NA,NA,NA,NA,NA,NA,NA,NA,NA,FALSE
Renaissance Instituut,361557387694730,FvD,NA,NA,NA,NA,NA,NA,NA,NA,NA,FALSE
PvdA Heumen,366349027034383,PvdA,NA,NA,NA,NA,NA,NA,NA,NA,NA,FALSE
PvdA Krimpenerwaard,366912353386282,PvdA,NA,NA,NA,NA,NA,NA,NA,NA,NA,FALSE
VVD Scherpenzeel,367174533369302,VVD,NA,NA,NA,NA,NA,NA,NA,NA,NA,FALSE
PvdA Haarlem,374461422625101,PvdA,NA,NA,NA,NA,NA,NA,NA,NA,NA,FALSE
Samira Rafaela,379083586253587,D66,NA,NA,NA,NA,NA,NA,NA,NA,NA,FALSE
Thierry Baudet,379837259062033,FvD,NA,NA,NA,NA,NA,NA,NA,NA,NA,FALSE
GroenLinks Nijmegen,383355255040336,GroenLinks,NA,NA,NA,NA,NA,NA,NA,NA,NA,FALSE
ChristenUnie Ommen,384737181678824,ChristenUnie,NA,NA,NA,NA,NA,NA,NA,NA,NA,FALSE
Sgp Kampen,385564664900332,SGP,NA,NA,NA,NA,NA,NA,NA,NA,NA,FALSE
PVV Utrecht,385625301862587,PVV,NA,NA,NA,NA,NA,NA,NA,NA,NA,FALSE
GroenLinks Sittard-Geleen,386396184818902,GroenLinks,NA,NA,NA,NA,NA,NA,NA,NA,NA,FALSE
PAL GroenLinks,387703957918671,GroenLinks,NA,NA,NA,NA,NA,NA,NA,NA,NA,FALSE
DWARS Rotterdam-Rijnmond,391481867673026,GroenLinks,NA,NA,NA,NA,NA,NA,NA,NA,NA,FALSE
VVD Breda,394219543964508,VVD,NA,NA,NA,NA,NA,NA,NA,NA,NA,FALSE
ChristenUnie Eemsdelta,394558224722257,ChristenUnie,NA,NA,NA,NA,NA,NA,NA,NA,NA,FALSE
CDA Vijfheerenlanden,397283743670490,CDA,NA,NA,NA,NA,NA,NA,NA,NA,NA,FALSE
ChristenUnie Zwolle,402039413225497,ChristenUnie,NA,NA,NA,NA,NA,NA,NA,NA,NA,FALSE
ChristenUnie Flevoland,403943403087425,ChristenUnie,NA,NA,NA,NA,NA,NA,NA,NA,NA,FALSE
Madeleine van Toorenburg,404443543059212,CDA,NA,NA,NA,NA,NA,NA,NA,NA,NA,FALSE
Jonge Democraten Brabant,406312749428070,D66,NA,NA,NA,NA,NA,NA,NA,NA,NA,FALSE
Julian Bushoff,408189122964674,PvdA,NA,NA,NA,NA,NA,NA,NA,NA,NA,FALSE
SP Arnhem,408987755826785,SP,NA,NA,NA,NA,NA,NA,NA,NA,NA,FALSE
CDA Barneveld,409371815837560,CDA,NA,NA,NA,NA,NA,NA,NA,NA,NA,FALSE
Lara Wolters,412036619614117,PvdA,NA,NA,NA,NA,NA,NA,NA,NA,NA,FALSE
PvdA-Hoorn,418227798205443,PvdA,NA,NA,NA,NA,NA,NA,NA,NA,NA,FALSE
CDA Aalten-Dinxperlo,418727481496257,CDA,NA,NA,NA,NA,NA,NA,NA,NA,NA,FALSE
VVD Hilversum,423071014421919,VVD,NA,NA,NA,NA,NA,NA,NA,NA,NA,FALSE
PvdA Nissewaard,423624667726498,PvdA,NA,NA,NA,NA,NA,NA,NA,NA,NA,FALSE
GroenLinks Venlo,428488197166010,GroenLinks,NA,NA,NA,NA,NA,NA,NA,NA,NA,FALSE
CDA Lansingerland,429679917098992,CDA,NA,NA,NA,NA,NA,NA,NA,NA,NA,FALSE
CDA Vught Helvoirt Cromvoirt,430597160607656,CDA,NA,NA,NA,NA,NA,NA,NA,NA,NA,FALSE
Jongerenbeweging Oppositie,432294193627700,DENK,NA,NA,NA,NA,NA,NA,NA,NA,NA,FALSE
Jonge Democraten Wageningen,433064853551671,D66,NA,NA,NA,NA,NA,NA,NA,NA,NA,FALSE
SGP,433611050005553,SGP,NA,NA,NA,NA,NA,NA,NA,NA,NA,FALSE
GroenLinks Oosterhout,434409393299952,GroenLinks,NA,NA,NA,NA,NA,NA,NA,NA,NA,FALSE
GroenLinks Alphen aan den Rijn,434756543235602,GroenLinks,NA,NA,NA,NA,NA,NA,NA,NA,NA,FALSE
Toine Manders,435867793202351,CDA,NA,NA,NA,NA,NA,NA,NA,NA,NA,FALSE
PvdA Enschede,436001856449324,PvdA,NA,NA,NA,NA,NA,NA,NA,NA,NA,FALSE
CDA Gouda,441341285986856,CDA,NA,NA,NA,NA,NA,NA,NA,NA,NA,FALSE
Zùmmers Belang CDA,445945465509986,CDA,NA,NA,NA,NA,NA,NA,NA,NA,NA,FALSE
CDA Lisse,449134611796644,CDA,NA,NA,NA,NA,NA,NA,NA,NA,NA,FALSE
De Boxtelse VVD,449240315186621,VVD,NA,NA,NA,NA,NA,NA,NA,NA,NA,FALSE
PVV Gelderland,449928585192308,PVV,NA,NA,NA,NA,NA,NA,NA,NA,NA,FALSE
PvdA Utrecht,451407014874001,PvdA,NA,NA,NA,NA,NA,NA,NA,NA,NA,FALSE
VVD Lelystad,453689644643513,VVD,NA,NA,NA,NA,NA,NA,NA,NA,NA,FALSE
SP Doesburg,454775281239898,SP,NA,NA,NA,NA,NA,NA,NA,NA,NA,FALSE
VVD Nijkerk-Hoevelaken,457506067621492,VVD,NA,NA,NA,NA,NA,NA,NA,NA,NA,FALSE
D66 Dijk en Waard,458832407560387,D66,NA,NA,NA,NA,NA,NA,NA,NA,NA,FALSE
Jonge Democraten Arnhem-Nijmegen,460264454006488,D66,NA,NA,NA,NA,NA,NA,NA,NA,NA,FALSE
CDA Dongen - 's Gravenmoer,461778550537027,CDA,NA,NA,NA,NA,NA,NA,NA,NA,NA,FALSE
D66 Bloemendaal,466120763493964,D66,NA,NA,NA,NA,NA,NA,NA,NA,NA,FALSE
VVD Alphen a/d Rijn,473422542679870,VVD,NA,NA,NA,NA,NA,NA,NA,NA,NA,FALSE
PvdA Geldrop-Mierlo,476345199077535,PvdA,NA,NA,NA,NA,NA,NA,NA,NA,NA,FALSE
Partij van de Arbeid Zaanstad,476388839115117,PvdA,NA,NA,NA,NA,NA,NA,NA,NA,NA,FALSE
VVD Landgraaf,476759392439445,VVD,NA,NA,NA,NA,NA,NA,NA,NA,NA,FALSE
Jonge Democraten Groningen,479111832122162,D66,NA,NA,NA,NA,NA,NA,NA,NA,NA,FALSE
CDA Pride,480488435784054,CDA,NA,NA,NA,NA,NA,NA,NA,NA,NA,FALSE
D66 Gennep,483088901801643,D66,NA,NA,NA,NA,NA,NA,NA,NA,NA,FALSE
CDA Barendrecht,483478691758983,CDA,NA,NA,NA,NA,NA,NA,NA,NA,NA,FALSE
DWARS Utrecht,484344661624749,GroenLinks,NA,NA,NA,NA,NA,NA,NA,NA,NA,FALSE
JOVD Rijk van Nijmegen c.a.,489466991169762,VVD,NA,NA,NA,NA,NA,NA,NA,NA,NA,FALSE
SP Vlaardingen,490557484330937,SP,NA,NA,NA,NA,NA,NA,NA,NA,NA,FALSE
CDA Zoeterwoude,495077074013552,CDA,NA,NA,NA,NA,NA,NA,NA,NA,NA,FALSE
SP Goirle,497053027078764,SP,NA,NA,NA,NA,NA,NA,NA,NA,NA,FALSE
VVD Leidschendam-Voorburg,498944610134140,VVD,NA,NA,NA,NA,NA,NA,NA,NA,NA,FALSE
JOVD Hart van Brabant,499191090115233,VVD,NA,NA,NA,NA,NA,NA,NA,NA,NA,FALSE
VVD Stede Broec,504176193038156,VVD,NA,NA,NA,NA,NA,NA,NA,NA,NA,FALSE
PvdA Almelo,508079819307153,PvdA,NA,NA,NA,NA,NA,NA,NA,NA,NA,FALSE
D66 Heerlen,509188269199628,D66,NA,NA,NA,NA,NA,NA,NA,NA,NA,FALSE
Pieter Paul Slikker - PvdA 073,509675125832784,PvdA,NA,NA,NA,NA,NA,NA,NA,NA,NA,FALSE
Anne-Marijke Podt Kandidaat Tweede Kamer D66,515445868547714,D66,NA,NA,NA,NA,NA,NA,NA,NA,NA,FALSE
PvdA Amstelveen,516828615098303,PvdA,NA,NA,NA,NA,NA,NA,NA,NA,NA,FALSE
VVD Losser,521653237872282,VVD,NA,NA,NA,NA,NA,NA,NA,NA,NA,FALSE
Groenlinks Kampen,521898577941258,GroenLinks,NA,NA,NA,NA,NA,NA,NA,NA,NA,FALSE
Partij voor de Dieren Dronten,522244664875827,PvdD,NA,NA,NA,NA,NA,NA,NA,NA,NA,FALSE
PvdA Almere,522603781144544,PvdA,NA,NA,NA,NA,NA,NA,NA,NA,NA,FALSE
VVD Rijswijk,529757857120942,VVD,NA,NA,NA,NA,NA,NA,NA,NA,NA,FALSE
D66,52985377549,D66,NA,NA,NA,NA,NA,NA,NA,NA,NA,FALSE
Partij voor de vrijheid - Veenendaal,530225947335941,PVV,NA,NA,NA,NA,NA,NA,NA,NA,NA,FALSE
CDA Amsterdam,535450106537661,CDA,NA,NA,NA,NA,NA,NA,NA,NA,NA,FALSE
Annie Schreijer,536131049841051,CDA,NA,NA,NA,NA,NA,NA,NA,NA,NA,FALSE
VVD Het Hogeland,542359679187058,VVD,NA,NA,NA,NA,NA,NA,NA,NA,NA,FALSE
Partij van de Arbeid Woensdrecht,547661161996857,PvdA,NA,NA,NA,NA,NA,NA,NA,NA,NA,FALSE
GroenLinks Oss,550239991805691,GroenLinks,NA,NA,NA,NA,NA,NA,NA,NA,NA,FALSE
D66 Middelburg,551955401505079,D66,NA,NA,NA,NA,NA,NA,NA,NA,NA,FALSE
Alexander Kreule VVD,553284941850879,VVD,NA,NA,NA,NA,NA,NA,NA,NA,NA,FALSE
SP Bernheze,555679867783372,SP,NA,NA,NA,NA,NA,NA,NA,NA,NA,FALSE
Jonge Democraten Utrecht,556182444396338,D66,NA,NA,NA,NA,NA,NA,NA,NA,NA,FALSE
Stan Peters PvdA,560182477659896,PvdA,NA,NA,NA,NA,NA,NA,NA,NA,NA,FALSE
ChristenUnie Apeldoorn,562357297179689,ChristenUnie,NA,NA,NA,NA,NA,NA,NA,NA,NA,FALSE
Peter van Kessel,562459247528401,VVD,NA,NA,NA,NA,NA,NA,NA,NA,NA,FALSE
PvdA Maassluis,564725660245239,PvdA,NA,NA,NA,NA,NA,NA,NA,NA,NA,FALSE
Mr. Hans van Mierlo Stichting,571333213225618,D66,NA,NA,NA,NA,NA,NA,NA,NA,NA,FALSE
SP Purmerend,571432623341874,SP,NA,NA,NA,NA,NA,NA,NA,NA,NA,FALSE
GroenLinks Drenthe,573092316220069,GroenLinks,NA,NA,NA,NA,NA,NA,NA,NA,NA,FALSE
Anita Pannebakker D66,581269312322294,D66,NA,NA,NA,NA,NA,NA,NA,NA,NA,FALSE
PvdA-Harderwijk,583900934989488,PvdA,NA,NA,NA,NA,NA,NA,NA,NA,NA,FALSE
PvdA Zoetermeer,589938234422084,PvdA,NA,NA,NA,NA,NA,NA,NA,NA,NA,FALSE
VVD Heerenveen,590372277656268,VVD,NA,NA,NA,NA,NA,NA,NA,NA,NA,FALSE
CDA Kerkrade,599313950125078,CDA,NA,NA,NA,NA,NA,NA,NA,NA,NA,FALSE
VVD Wijdemeren,604919512865485,VVD,NA,NA,NA,NA,NA,NA,NA,NA,NA,FALSE
Forum voor Democratie -FVD,609816282477420,FvD,NA,NA,NA,NA,NA,NA,NA,NA,NA,FALSE
CDA Mill en Sint Hubert,610561445683906,CDA,NA,NA,NA,NA,NA,NA,NA,NA,NA,FALSE
"DWARS, GroenLinkse Jongeren",610950552253067,GroenLinks,NA,NA,NA,NA,NA,NA,NA,NA,NA,FALSE
Pvda Montferland,613711391989275,PvdA,NA,NA,NA,NA,NA,NA,NA,NA,NA,FALSE
CDA Haarlem,616257468385419,CDA,NA,NA,NA,NA,NA,NA,NA,NA,NA,FALSE
PvdA Medemblik,616490005068036,PvdA,NA,NA,NA,NA,NA,NA,NA,NA,NA,FALSE
D66 Harderwijk/Hierden,617251821650596,D66,NA,NA,NA,NA,NA,NA,NA,NA,NA,FALSE
CDA Drimmelen,618699471497068,CDA,NA,NA,NA,NA,NA,NA,NA,NA,NA,FALSE
CDA Purmerend,626270210729407,CDA,NA,NA,NA,NA,NA,NA,NA,NA,NA,FALSE
Pvda Den Bosch,627201893971363,PvdA,NA,NA,NA,NA,NA,NA,NA,NA,NA,FALSE
D66 Boxtel,628289240576959,D66,NA,NA,NA,NA,NA,NA,NA,NA,NA,FALSE
DENK Eindhoven,628535584020989,DENK,NA,NA,NA,NA,NA,NA,NA,NA,NA,FALSE
CDA Valkenburg a/d Geul,630170627073175,CDA,NA,NA,NA,NA,NA,NA,NA,NA,NA,FALSE
PvdA Smallingerland,630864096938801,PvdA,NA,NA,NA,NA,NA,NA,NA,NA,NA,FALSE
D66 Internationaal,642930529119017,D66,NA,NA,NA,NA,NA,NA,NA,NA,NA,FALSE
SP Enschede,644446145669723,SP,NA,NA,NA,NA,NA,NA,NA,NA,NA,FALSE
Peter van Dalen,647389765316921,ChristenUnie,NA,NA,NA,NA,NA,NA,NA,NA,NA,FALSE
GroenLinks Lochem,661049547329075,GroenLinks,NA,NA,NA,NA,NA,NA,NA,NA,NA,FALSE
Pvda Alkmaar,667585943263634,PvdA,NA,NA,NA,NA,NA,NA,NA,NA,NA,FALSE
D66 Steenwijkerland,669907336364750,D66,NA,NA,NA,NA,NA,NA,NA,NA,NA,FALSE
SGP Nunspeet,671037142966257,SGP,NA,NA,NA,NA,NA,NA,NA,NA,NA,FALSE
Rob Jetten,684205995075734,D66,NA,NA,NA,NA,NA,NA,NA,NA,NA,FALSE
CDA West Maas en Waal,686529124720085,CDA,NA,NA,NA,NA,NA,NA,NA,NA,NA,FALSE
Jesse Klaver,687496011309020,GroenLinks,NA,NA,NA,NA,NA,NA,NA,NA,NA,FALSE
VVD Lochem,689730844383927,VVD,NA,NA,NA,NA,NA,NA,NA,NA,NA,FALSE
DWARS Groningen,692001597477360,GroenLinks,NA,NA,NA,NA,NA,NA,NA,NA,NA,FALSE
Groenlinks Baarn,698044973586589,GroenLinks,NA,NA,NA,NA,NA,NA,NA,NA,NA,FALSE
CDA Noordwijk-Noordwijkerhout-De Zilk,698451706850384,CDA,NA,NA,NA,NA,NA,NA,NA,NA,NA,FALSE
SP Noord-Holland,699014280188216,SP,NA,NA,NA,NA,NA,NA,NA,NA,NA,FALSE
GroenLinks Zoetermeer,703877319733931,GroenLinks,NA,NA,NA,NA,NA,NA,NA,NA,NA,FALSE
VVD Venray,715536175131982,VVD,NA,NA,NA,NA,NA,NA,NA,NA,NA,FALSE
BIJ1,717249231795539,BIJ1,NA,NA,NA,NA,NA,NA,NA,NA,NA,FALSE
VVD Kirchroa,721812541177719,VVD,NA,NA,NA,NA,NA,NA,NA,NA,NA,FALSE
VVD Aalsmeer,731311010222651,VVD,NA,NA,NA,NA,NA,NA,NA,NA,NA,FALSE
CDA Boxtel,748985915209148,CDA,NA,NA,NA,NA,NA,NA,NA,NA,NA,FALSE
PvdA Zeeland,759417477428801,PvdA,NA,NA,NA,NA,NA,NA,NA,NA,NA,FALSE
CDA Zwijndrecht,760125597332468,CDA,NA,NA,NA,NA,NA,NA,NA,NA,NA,FALSE
Agnes Jongerius,764061133777036,PvdA,NA,NA,NA,NA,NA,NA,NA,NA,NA,FALSE
D66 Amersfoort,77106680798,D66,NA,NA,NA,NA,NA,NA,NA,NA,NA,FALSE
CDA Bergen op Zoom,771521899540181,CDA,NA,NA,NA,NA,NA,NA,NA,NA,NA,FALSE
CDA Provincie Groningen,773700796038689,CDA,NA,NA,NA,NA,NA,NA,NA,NA,NA,FALSE
VVD Waterland,783192395169199,VVD,NA,NA,NA,NA,NA,NA,NA,NA,NA,FALSE
Tineke Strik,783842828375820,GroenLinks,NA,NA,NA,NA,NA,NA,NA,NA,NA,FALSE
SGP Zeeland,784559828291177,SGP,NA,NA,NA,NA,NA,NA,NA,NA,NA,FALSE
D66 Son en Breugel,795630170492563,D66,NA,NA,NA,NA,NA,NA,NA,NA,NA,FALSE
VVD Papendrecht,806683962693581,VVD,NA,NA,NA,NA,NA,NA,NA,NA,NA,FALSE
50plus Noord Brabant,808087532599076,50PLUS,NA,NA,NA,NA,NA,NA,NA,NA,NA,FALSE
VVD Fryslan,818385898182914,VVD,NA,NA,NA,NA,NA,NA,NA,NA,NA,FALSE
Lenny Putman,823097471184627,GroenLinks,NA,NA,NA,NA,NA,NA,NA,NA,NA,FALSE
Henk Jan Ormel,823537391322678,CDA,NA,NA,NA,NA,NA,NA,NA,NA,NA,FALSE
Martijn van Helvert,825800654145354,CDA,NA,NA,NA,NA,NA,NA,NA,NA,NA,FALSE
VVD Wijk Bij Duurstede,828124077223507,VVD,NA,NA,NA,NA,NA,NA,NA,NA,NA,FALSE
Lilian Marijnissen,844559615710915,SP,NA,NA,NA,NA,NA,NA,NA,NA,NA,FALSE
Partij voor de Dieren Flevoland,850253651682648,PvdD,NA,NA,NA,NA,NA,NA,NA,NA,NA,FALSE
VVD Voerendaal,852631531480102,VVD,NA,NA,NA,NA,NA,NA,NA,NA,NA,FALSE
VVD Drimmelen,853228418123320,VVD,NA,NA,NA,NA,NA,NA,NA,NA,NA,FALSE
PvdA Westland,862823187132723,PvdA,NA,NA,NA,NA,NA,NA,NA,NA,NA,FALSE
GroenLinks Lutty van den Berg,873148779417275,GroenLinks,NA,NA,NA,NA,NA,NA,NA,NA,NA,FALSE
GroenLinks Veldhoven,888203524868856,GroenLinks,NA,NA,NA,NA,NA,NA,NA,NA,NA,FALSE
CDA Zwolle,890769134318110,CDA,NA,NA,NA,NA,NA,NA,NA,NA,NA,FALSE
Boaz Adank,897610483722357,VVD,NA,NA,NA,NA,NA,NA,NA,NA,NA,FALSE
GroenLinks Best,906928256312779,GroenLinks,NA,NA,NA,NA,NA,NA,NA,NA,NA,FALSE
CDA Den Helder,920592431361475,CDA,NA,NA,NA,NA,NA,NA,NA,NA,NA,FALSE
De Veldhovense VVD,920935371318767,VVD,NA,NA,NA,NA,NA,NA,NA,NA,NA,FALSE
Jeroen Janssen - kandidaat Europarlementariër,921841297985499,VVD,NA,NA,NA,NA,NA,NA,NA,NA,NA,FALSE
VVD Eemsdelta,930099740342915,VVD,NA,NA,NA,NA,NA,NA,NA,NA,NA,FALSE
VVD Zaanstad,937513793002837,VVD,NA,NA,NA,NA,NA,NA,NA,NA,NA,FALSE
GroenLinks Bloemendaal,939048969472738,GroenLinks,NA,NA,NA,NA,NA,NA,NA,NA,NA,FALSE
VVD Voorne,945761432159312,VVD,NA,NA,NA,NA,NA,NA,NA,NA,NA,FALSE
PVV Dordrecht,957516271079756,PVV,NA,NA,NA,NA,NA,NA,NA,NA,NA,FALSE
Wybren van Haga,969158383214898,FvD,NA,NA,NA,NA,NA,NA,NA,NA,NA,FALSE
VVD Tytsjerksteradiel,971443309666536,VVD,NA,NA,NA,NA,NA,NA,NA,NA,NA,FALSE
GroenLinks Weststellingwerf,995464427271491,GroenLinks,NA,NA,NA,NA,NA,NA,NA,NA,NA,FALSE
Robert Veldhuis BBB,101808345034398,BBB,NA,NA,NA,NA,NA,NA,NA,NA,NA,FALSE
Amsterdam BIJ1,392732001145937,BIJ1,NA,NA,NA,NA,NA,NA,NA,NA,NA,FALSE
Rebekka Timmer,115522827019743,BIJ1,NA,NA,NA,NA,NA,NA,NA,NA,NA,FALSE
BVNL Noardeast-Fryslân,1471515466307161,BVNL,NA,NA,NA,NA,NA,NA,NA,NA,NA,FALSE
Belang van Nederland - BVNL,100364422327666,BVNL,NA,NA,NA,NA,NA,NA,NA,NA,NA,FALSE
Antoinette Roetgerink lijst CDA nr 61,105881151555946,CDA,NA,NA,NA,NA,NA,NA,NA,NA,NA,FALSE
Bart van den Brink,102659231774493,CDA,NA,NA,NA,NA,NA,NA,NA,NA,NA,FALSE
CDA Alkmaar,569095910244859,CDA,NA,NA,NA,NA,NA,NA,NA,NA,NA,FALSE
CDA Almere,244033095778625,CDA,NA,NA,NA,NA,NA,NA,NA,NA,NA,FALSE
CDA Altena,226133584536501,CDA,NA,NA,NA,NA,NA,NA,NA,NA,NA,FALSE
CDA Amersfoort,130377573838100,CDA,NA,NA,NA,NA,NA,NA,NA,NA,NA,FALSE
CDA Amstelveen,1783365325218130,CDA,NA,NA,NA,NA,NA,NA,NA,NA,NA,FALSE
CDA Apeldoorn,194981260596528,CDA,NA,NA,NA,NA,NA,NA,NA,NA,NA,FALSE
CDA Bergen-NH,645564278828304,CDA,NA,NA,NA,NA,NA,NA,NA,NA,NA,FALSE
CDA Bloemendaal,458375320980518,CDA,NA,NA,NA,NA,NA,NA,NA,NA,NA,FALSE
CDA Borsele,1648345775252712,CDA,NA,NA,NA,NA,NA,NA,NA,NA,NA,FALSE
CDA Cranendonck,181281155612789,CDA,NA,NA,NA,NA,NA,NA,NA,NA,NA,FALSE
CDA Den Bosch,338902089618318,CDA,NA,NA,NA,NA,NA,NA,NA,NA,NA,FALSE
CDA Drenthe,550151728397109,CDA,NA,NA,NA,NA,NA,NA,NA,NA,NA,FALSE
CDA Edam-Volendam,135140860013782,CDA,NA,NA,NA,NA,NA,NA,NA,NA,NA,FALSE
CDA Ede,102851356485793,CDA,NA,NA,NA,NA,NA,NA,NA,NA,NA,FALSE
CDA Emmen,572358059457661,CDA,NA,NA,NA,NA,NA,NA,NA,NA,NA,FALSE
CDA Flevoland,270085373012452,CDA,NA,NA,NA,NA,NA,NA,NA,NA,NA,FALSE
CDA Geldrop-Mierlo,364207513684504,CDA,NA,NA,NA,NA,NA,NA,NA,NA,NA,FALSE
CDA Gennep,479179312279498,CDA,NA,NA,NA,NA,NA,NA,NA,NA,NA,FALSE
CDA Goeree-Overflakkee,299553243443758,CDA,NA,NA,NA,NA,NA,NA,NA,NA,NA,FALSE
CDA Goes,148023352020773,CDA,NA,NA,NA,NA,NA,NA,NA,NA,NA,FALSE
CDA Gooise Meren,1447649805544699,CDA,NA,NA,NA,NA,NA,NA,NA,NA,NA,FALSE
CDA Groningen,546440435446924,CDA,NA,NA,NA,NA,NA,NA,NA,NA,NA,FALSE
CDA Heerlen,1732885833661470,CDA,NA,NA,NA,NA,NA,NA,NA,NA,NA,FALSE
CDA Hoogeveen,517806454943781,CDA,NA,NA,NA,NA,NA,NA,NA,NA,NA,FALSE
CDA Huizen,312923848793774,CDA,NA,NA,NA,NA,NA,NA,NA,NA,NA,FALSE
CDA Kaag en Braassem,190987341063673,CDA,NA,NA,NA,NA,NA,NA,NA,NA,NA,FALSE
CDA Koggenland,220365728121924,CDA,NA,NA,NA,NA,NA,NA,NA,NA,NA,FALSE
CDA Kop van Noord Holland,736861463159374,CDA,NA,NA,NA,NA,NA,NA,NA,NA,NA,FALSE
CDA Krimpen,307917159696642,CDA,NA,NA,NA,NA,NA,NA,NA,NA,NA,FALSE
CDA Krimpenerwaard,924019610958351,CDA,NA,NA,NA,NA,NA,NA,NA,NA,NA,FALSE
CDA Leiden,357316470970750,CDA,NA,NA,NA,NA,NA,NA,NA,NA,NA,FALSE
CDA Limburg,148429941847666,CDA,NA,NA,NA,NA,NA,NA,NA,NA,NA,FALSE
CDA Medemblik,297370010365715,CDA,NA,NA,NA,NA,NA,NA,NA,NA,NA,FALSE
CDA Meppel,190690801121703,CDA,NA,NA,NA,NA,NA,NA,NA,NA,NA,FALSE
CDA Midden-Drenthe,178954178962718,CDA,NA,NA,NA,NA,NA,NA,NA,NA,NA,FALSE
CDA Moerdijk,130818490705926,CDA,NA,NA,NA,NA,NA,NA,NA,NA,NA,FALSE
CDA Noord-Holland,652006578218691,CDA,NA,NA,NA,NA,NA,NA,NA,NA,NA,FALSE
CDA OSS,265941240084225,CDA,NA,NA,NA,NA,NA,NA,NA,NA,NA,FALSE
CDA Oirschot - De Beerzen,539113479503987,CDA,NA,NA,NA,NA,NA,NA,NA,NA,NA,FALSE
CDA Raalte,418249331586629,CDA,NA,NA,NA,NA,NA,NA,NA,NA,NA,FALSE
CDA Steenwijkerland,251874718679696,CDA,NA,NA,NA,NA,NA,NA,NA,NA,NA,FALSE
CDA Tilburg,212200082218113,CDA,NA,NA,NA,NA,NA,NA,NA,NA,NA,FALSE
CDA Venlo,102119459848996,CDA,NA,NA,NA,NA,NA,NA,NA,NA,NA,FALSE
CDA Venray,875156262507508,CDA,NA,NA,NA,NA,NA,NA,NA,NA,NA,FALSE
CDA Waadhoeke,212787845829630,CDA,NA,NA,NA,NA,NA,NA,NA,NA,NA,FALSE
CDA Waalre,779064112119015,CDA,NA,NA,NA,NA,NA,NA,NA,NA,NA,FALSE
CDA Zeewolde,195903857175578,CDA,NA,NA,NA,NA,NA,NA,NA,NA,NA,FALSE
CDA-Landgraaf,713923081953772,CDA,NA,NA,NA,NA,NA,NA,NA,NA,NA,FALSE
"Frank Buijs, CDA",597205093759430,CDA,NA,NA,NA,NA,NA,NA,NA,NA,NA,FALSE
"Gabrielle Heine,  Nr. 37 CDA TK'21",103682868214533,CDA,NA,NA,NA,NA,NA,NA,NA,NA,NA,FALSE
Gelderlandkiestcda,103497724987398,CDA,NA,NA,NA,NA,NA,NA,NA,NA,NA,FALSE
Hilbert Bredemeijer,108661853969580,CDA,NA,NA,NA,NA,NA,NA,NA,NA,NA,FALSE
Huibert van Rossum CDA,112652133973679,CDA,NA,NA,NA,NA,NA,NA,NA,NA,NA,FALSE
Lucille Werner,143716979054755,CDA,NA,NA,NA,NA,NA,NA,NA,NA,NA,FALSE
Marieke Nass TK,106826734620269,CDA,NA,NA,NA,NA,NA,NA,NA,NA,NA,FALSE
Mona Keijzer,790841021006963,CDA,NA,NA,NA,NA,NA,NA,NA,NA,NA,FALSE
Mustafa Bal,223967718058356,CDA,NA,NA,NA,NA,NA,NA,NA,NA,NA,FALSE
Nr. 35 Piet-Cees van der Wel CDA,102925808393819,CDA,NA,NA,NA,NA,NA,NA,NA,NA,NA,FALSE
Wytske Postma CDA,1394226180605930,CDA,NA,NA,NA,NA,NA,NA,NA,NA,NA,FALSE
ChristenUnie Amstelveen,1994692877432938,ChristenUnie,NA,NA,NA,NA,NA,NA,NA,NA,NA,FALSE
ChristenUnie Bunschoten,371687509536198,ChristenUnie,NA,NA,NA,NA,NA,NA,NA,NA,NA,FALSE
ChristenUnie Elburg,415275778602417,ChristenUnie,NA,NA,NA,NA,NA,NA,NA,NA,NA,FALSE
ChristenUnie Gooise Meren,786969904752487,ChristenUnie,NA,NA,NA,NA,NA,NA,NA,NA,NA,FALSE
ChristenUnie Hoorn,350083421777747,ChristenUnie,NA,NA,NA,NA,NA,NA,NA,NA,NA,FALSE
ChristenUnie Krimpen aan den IJssel,395993140522461,ChristenUnie,NA,NA,NA,NA,NA,NA,NA,NA,NA,FALSE
ChristenUnie Lansingerland,371518953020043,ChristenUnie,NA,NA,NA,NA,NA,NA,NA,NA,NA,FALSE
ChristenUnie Nieuwegein,191350871367589,ChristenUnie,NA,NA,NA,NA,NA,NA,NA,NA,NA,FALSE
ChristenUnie Overbetuwe,164161077735859,ChristenUnie,NA,NA,NA,NA,NA,NA,NA,NA,NA,FALSE
ChristenUnie Ridderkerk,349817395064360,ChristenUnie,NA,NA,NA,NA,NA,NA,NA,NA,NA,FALSE
ChristenUnie Utrecht,331768960226513,ChristenUnie,NA,NA,NA,NA,NA,NA,NA,NA,NA,FALSE
ChristenUnie Velsen,397594493709630,ChristenUnie,NA,NA,NA,NA,NA,NA,NA,NA,NA,FALSE
ChristenUnie provincie Groningen,1386401111662274,ChristenUnie,NA,NA,NA,NA,NA,NA,NA,NA,NA,FALSE
ChristenUnie-SGP Nijkerk&Hoevelaken,467199513374148,ChristenUnie,NA,NA,NA,NA,NA,NA,NA,NA,NA,FALSE
Christenunie Harlingen,553853824711422,ChristenUnie,NA,NA,NA,NA,NA,NA,NA,NA,NA,FALSE
Christenunie IJsselstein,1420541648174558,ChristenUnie,NA,NA,NA,NA,NA,NA,NA,NA,NA,FALSE
Frank Visser,101861521923916,ChristenUnie,NA,NA,NA,NA,NA,NA,NA,NA,NA,FALSE
"Carline van Breugel, #32",103171544945884,D66,NA,NA,NA,NA,NA,NA,NA,NA,NA,FALSE
D66 - Rhenen,151043172169156,D66,NA,NA,NA,NA,NA,NA,NA,NA,NA,FALSE
D66 Bergen op Zoom,251155788287644,D66,NA,NA,NA,NA,NA,NA,NA,NA,NA,FALSE
D66 Breda,407794169274529,D66,NA,NA,NA,NA,NA,NA,NA,NA,NA,FALSE
D66 Den Helder,436459169700367,D66,NA,NA,NA,NA,NA,NA,NA,NA,NA,FALSE
D66 Diemen,669422673069579,D66,NA,NA,NA,NA,NA,NA,NA,NA,NA,FALSE
D66 Druten,551956148205847,D66,NA,NA,NA,NA,NA,NA,NA,NA,NA,FALSE
D66 Ede,260889263954978,D66,NA,NA,NA,NA,NA,NA,NA,NA,NA,FALSE
D66 Emmen,1856250761366447,D66,NA,NA,NA,NA,NA,NA,NA,NA,NA,FALSE
D66 Houten,512279162203266,D66,NA,NA,NA,NA,NA,NA,NA,NA,NA,FALSE
D66 IJsselstein,179124345460762,D66,NA,NA,NA,NA,NA,NA,NA,NA,NA,FALSE
D66 Land van Cuijk,120025204794757,D66,NA,NA,NA,NA,NA,NA,NA,NA,NA,FALSE
D66 Lansingerland,480607798691317,D66,NA,NA,NA,NA,NA,NA,NA,NA,NA,FALSE
D66 Medemblik,1963443847203345,D66,NA,NA,NA,NA,NA,NA,NA,NA,NA,FALSE
D66 Midden-Brabant,276183766599577,D66,NA,NA,NA,NA,NA,NA,NA,NA,NA,FALSE
D66 Oude IJsselstreek,253375728108660,D66,NA,NA,NA,NA,NA,NA,NA,NA,NA,FALSE
D66 Overbetuwe,340028816030467,D66,NA,NA,NA,NA,NA,NA,NA,NA,NA,FALSE
D66 Pijnacker-Nootdorp,149846575656180,D66,NA,NA,NA,NA,NA,NA,NA,NA,NA,FALSE
D66 Rijswijk,132843257179595,D66,NA,NA,NA,NA,NA,NA,NA,NA,NA,FALSE
D66 Utrechtse Heuvelrug,235383826599727,D66,NA,NA,NA,NA,NA,NA,NA,NA,NA,FALSE
D66 Vlaardingen,241453325928760,D66,NA,NA,NA,NA,NA,NA,NA,NA,NA,FALSE
D66 Weesp,113751728691400,D66,NA,NA,NA,NA,NA,NA,NA,NA,NA,FALSE
D66 Weststellingwerf,265393510326093,D66,NA,NA,NA,NA,NA,NA,NA,NA,NA,FALSE
D66 Wijchen,283053498459741,D66,NA,NA,NA,NA,NA,NA,NA,NA,NA,FALSE
D66 Zoetermeer,389914581122059,D66,NA,NA,NA,NA,NA,NA,NA,NA,NA,FALSE
D66 Zundert,1287551678030330,D66,NA,NA,NA,NA,NA,NA,NA,NA,NA,FALSE
D66Zwolle,608154812530161,D66,NA,NA,NA,NA,NA,NA,NA,NA,NA,FALSE
Eva van Wijngaarden - D66,241787933347407,D66,NA,NA,NA,NA,NA,NA,NA,NA,NA,FALSE
Faissal & Hans - van Brabant tot Binnenhof,106051891452499,D66,NA,NA,NA,NA,NA,NA,NA,NA,NA,FALSE
Fonda Sahla,101095462051264,D66,NA,NA,NA,NA,NA,NA,NA,NA,NA,FALSE
Jan Paternotte,460256660794215,D66,NA,NA,NA,NA,NA,NA,NA,NA,NA,FALSE
Joan Nunnely,360935727626846,D66,NA,NA,NA,NA,NA,NA,NA,NA,NA,FALSE
Ojanne de Vries-Chang D66 Heerenveen,582911435391464,D66,NA,NA,NA,NA,NA,NA,NA,NA,NA,FALSE
Rens Raemakers - D66,1631452517149430,D66,NA,NA,NA,NA,NA,NA,NA,NA,NA,FALSE
Salima Belhaj,222198408214618,D66,NA,NA,NA,NA,NA,NA,NA,NA,NA,FALSE
Sigrid Kaag,106085081224870,D66,NA,NA,NA,NA,NA,NA,NA,NA,NA,FALSE
Stijn Warmenhoven,104655791595188,D66,NA,NA,NA,NA,NA,NA,NA,NA,NA,FALSE
T M da Silva Marcos,622122857826026,D66,NA,NA,NA,NA,NA,NA,NA,NA,NA,FALSE
VVD/Democraten 66 Oudewater,697503880284453,D66,NA,NA,NA,NA,NA,NA,NA,NA,NA,FALSE
Wieke Paulusma - kandidaat Tweede Kamerlid D66,339699173856399,D66,NA,NA,NA,NA,NA,NA,NA,NA,NA,FALSE
Dogukan Ergin,2319309638392192,DENK,NA,NA,NA,NA,NA,NA,NA,NA,NA,FALSE
Elif Hotaman DENK,353672928444912,DENK,NA,NA,NA,NA,NA,NA,NA,NA,NA,FALSE
Rosa luxemburg Denktank,228113670686100,DENK,NA,NA,NA,NA,NA,NA,NA,NA,NA,FALSE
Wij Bedenken Namen.nl,116268309749092,DENK,NA,NA,NA,NA,NA,NA,NA,NA,NA,FALSE
Arjan de Kok - FVD,106522161379858,FvD,NA,NA,NA,NA,NA,NA,NA,NA,NA,FALSE
FVD Drenthe,940134542788638,FvD,NA,NA,NA,NA,NA,NA,NA,NA,NA,FALSE
Frederik Jansen,100310298568268,FvD,NA,NA,NA,NA,NA,NA,NA,NA,NA,FALSE
Dolf Warris - GroenLinks Oss,111357990764923,GroenLinks,NA,NA,NA,NA,NA,NA,NA,NA,NA,FALSE
GroenLinks Amsterdam,295724207160150,GroenLinks,NA,NA,NA,NA,NA,NA,NA,NA,NA,FALSE
GroenLinks Castricum,917881558331205,GroenLinks,NA,NA,NA,NA,NA,NA,NA,NA,NA,FALSE
GroenLinks Gelderland,439958286016356,GroenLinks,NA,NA,NA,NA,NA,NA,NA,NA,NA,FALSE
GroenLinks Meppel,502630913183362,GroenLinks,NA,NA,NA,NA,NA,NA,NA,NA,NA,FALSE
GroenLinks Oegstgeest,642712149497103,GroenLinks,NA,NA,NA,NA,NA,NA,NA,NA,NA,FALSE
GroenLinks Renkum,162865337242691,GroenLinks,NA,NA,NA,NA,NA,NA,NA,NA,NA,FALSE
GroenLinks Steenwijkerland,2082563628696526,GroenLinks,NA,NA,NA,NA,NA,NA,NA,NA,NA,FALSE
GroenLinks Utrecht,71794021654,GroenLinks,NA,NA,NA,NA,NA,NA,NA,NA,NA,FALSE
GroenLinks-PvdA Bergeijk,294107264328691,GroenLinks,NA,NA,NA,NA,NA,NA,NA,NA,NA,FALSE
Niels van den Berge,356287908062281,GroenLinks,NA,NA,NA,NA,NA,NA,NA,NA,NA,FALSE
Progressief Akkoord - GroenLinks Deurne,1403428756564141,GroenLinks,NA,NA,NA,NA,NA,NA,NA,NA,NA,FALSE
PvdA/GroenLinks De Ronde Venen,654552347982213,GroenLinks,NA,NA,NA,NA,NA,NA,NA,NA,NA,FALSE
WB GroenLinks,319619458061587,GroenLinks,NA,NA,NA,NA,NA,NA,NA,NA,NA,FALSE
JA21 Zeeland,110827711048844,Ja21,NA,NA,NA,NA,NA,NA,NA,NA,NA,FALSE
PVV Den Bosch,1885139435031870,PVV,NA,NA,NA,NA,NA,NA,NA,NA,NA,FALSE
PVV Nissewaard,699772150456009,PVV,NA,NA,NA,NA,NA,NA,NA,NA,NA,FALSE
PVV Terneuzen,330953914086255,PVV,NA,NA,NA,NA,NA,NA,NA,NA,NA,FALSE
Abassin Nessar,326793911277704,PvdA,NA,NA,NA,NA,NA,NA,NA,NA,NA,FALSE
Attiya Gamri,102724325036192,PvdA,NA,NA,NA,NA,NA,NA,NA,NA,NA,FALSE
Barbara Oomen - PvdA,101159881939305,PvdA,NA,NA,NA,NA,NA,NA,NA,NA,NA,FALSE
Bart van Bruggen,103297868467170,PvdA,NA,NA,NA,NA,NA,NA,NA,NA,NA,FALSE
Bas Bijlsma PvdA,104442305044892,PvdA,NA,NA,NA,NA,NA,NA,NA,NA,NA,FALSE
Jasper Kuntzelaers,101147471988851,PvdA,NA,NA,NA,NA,NA,NA,NA,NA,NA,FALSE
Kirsten van den Hul,357845981244334,PvdA,NA,NA,NA,NA,NA,NA,NA,NA,NA,FALSE
Lilianne Ploumen,509195185792644,PvdA,NA,NA,NA,NA,NA,NA,NA,NA,NA,FALSE
Partij van de Arbeid Gouda,250194101810997,PvdA,NA,NA,NA,NA,NA,NA,NA,NA,NA,FALSE
PvdA Beverwijk-Wijk aan Zee,1561655447470490,PvdA,NA,NA,NA,NA,NA,NA,NA,NA,NA,FALSE
PvdA Bommelerwaard,760513170764398,PvdA,NA,NA,NA,NA,NA,NA,NA,NA,NA,FALSE
PvdA Buren,1376952949196088,PvdA,NA,NA,NA,NA,NA,NA,NA,NA,NA,FALSE
PvdA Dordrecht,196356360492610,PvdA,NA,NA,NA,NA,NA,NA,NA,NA,NA,FALSE
PvdA Ede,437846019616612,PvdA,NA,NA,NA,NA,NA,NA,NA,NA,NA,FALSE
PvdA Eindhoven,518030681575705,PvdA,NA,NA,NA,NA,NA,NA,NA,NA,NA,FALSE
PvdA Gelderland,300057413403421,PvdA,NA,NA,NA,NA,NA,NA,NA,NA,NA,FALSE
PvdA Goeree-Overflakkee,541796845835057,PvdA,NA,NA,NA,NA,NA,NA,NA,NA,NA,FALSE
PvdA Heerlen,208105776983,PvdA,NA,NA,NA,NA,NA,NA,NA,NA,NA,FALSE
PvdA Heiloo,732205243634926,PvdA,NA,NA,NA,NA,NA,NA,NA,NA,NA,FALSE
PvdA Leeuwarden,158512744257888,PvdA,NA,NA,NA,NA,NA,NA,NA,NA,NA,FALSE
PvdA Provincie Utrecht,377484722432934,PvdA,NA,NA,NA,NA,NA,NA,NA,NA,NA,FALSE
PvdA Roze Netwerk,139047456304129,PvdA,NA,NA,NA,NA,NA,NA,NA,NA,NA,FALSE
PvdA Steenbergen,544678845644158,PvdA,NA,NA,NA,NA,NA,NA,NA,NA,NA,FALSE
PvdA Steenwijkerland,296016837171041,PvdA,NA,NA,NA,NA,NA,NA,NA,NA,NA,FALSE
PvdA Teylingen,416002915117744,PvdA,NA,NA,NA,NA,NA,NA,NA,NA,NA,FALSE
PvdA Tytsjerksteradiel,533612593362231,PvdA,NA,NA,NA,NA,NA,NA,NA,NA,NA,FALSE
PvdA Vijfheerenlanden,897113157074278,PvdA,NA,NA,NA,NA,NA,NA,NA,NA,NA,FALSE
PvdA Woerden,863916193670914,PvdA,NA,NA,NA,NA,NA,NA,NA,NA,NA,FALSE
PvdA Zwijndrecht.,540144089412228,PvdA,NA,NA,NA,NA,NA,NA,NA,NA,NA,FALSE
PvdA-Drenthe,103025673101606,PvdA,NA,NA,NA,NA,NA,NA,NA,NA,NA,FALSE
PvdA-afdeling Lochem,1513913028938636,PvdA,NA,NA,NA,NA,NA,NA,NA,NA,NA,FALSE
Pvda Amsterdam Oost,395020097267467,PvdA,NA,NA,NA,NA,NA,NA,NA,NA,NA,FALSE
Pvda Bronckhorst,998027266909008,PvdA,NA,NA,NA,NA,NA,NA,NA,NA,NA,FALSE
Pvda Doetinchem,444106485673341,PvdA,NA,NA,NA,NA,NA,NA,NA,NA,NA,FALSE
Pvda Huizen,647735612019661,PvdA,NA,NA,NA,NA,NA,NA,NA,NA,NA,FALSE
Pvda Rheden en Rozendaal,668085866536115,PvdA,NA,NA,NA,NA,NA,NA,NA,NA,NA,FALSE
Pvda Waterland,230026360513786,PvdA,NA,NA,NA,NA,NA,NA,NA,NA,NA,FALSE
Pvda Zutphen Warnsveld,254894508007415,PvdA,NA,NA,NA,NA,NA,NA,NA,NA,NA,FALSE
Sofyan Mbarki,690312227655661,PvdA,NA,NA,NA,NA,NA,NA,NA,NA,NA,FALSE
Songul Mutluer,104692921564419,PvdA,NA,NA,NA,NA,NA,NA,NA,NA,NA,FALSE
VeraTax,712637722497338,PvdA,NA,NA,NA,NA,NA,NA,NA,NA,NA,FALSE
Partij voor de Dieren - werkgroep Lochem,1522391087848593,PvdD,NA,NA,NA,NA,NA,NA,NA,NA,NA,FALSE
Partij voor de Dieren Dordrecht,138553482994927,PvdD,NA,NA,NA,NA,NA,NA,NA,NA,NA,FALSE
Partij voor de Dieren Gelderland,174753755981452,PvdD,NA,NA,NA,NA,NA,NA,NA,NA,NA,FALSE
Partij voor de Dieren Gemeente Groningen,976825745813543,PvdD,NA,NA,NA,NA,NA,NA,NA,NA,NA,FALSE
Partij voor de Dieren Lelystad,444772086026343,PvdD,NA,NA,NA,NA,NA,NA,NA,NA,NA,FALSE
Partij voor de Dieren Utrecht,128863843840889,PvdD,NA,NA,NA,NA,NA,NA,NA,NA,NA,FALSE
Partij voor de Dieren Zuid-Holland,195643057135775,PvdD,NA,NA,NA,NA,NA,NA,NA,NA,NA,FALSE
Partij voor de Dieren werkgroep Culemborg,311026109316385,PvdD,NA,NA,NA,NA,NA,NA,NA,NA,NA,FALSE
Partij voor de Dieren-Werkgroep Achterhoek,486736151486421,PvdD,NA,NA,NA,NA,NA,NA,NA,NA,NA,FALSE
Roelof Bisschop,108935297338227,SGP,NA,NA,NA,NA,NA,NA,NA,NA,NA,FALSE
SGP Jongeren Staphorst,344383675689926,SGP,NA,NA,NA,NA,NA,NA,NA,NA,NA,FALSE
SGP Vlissingen,349588205180009,SGP,NA,NA,NA,NA,NA,NA,NA,NA,NA,FALSE
SGP-Houten,176838042520007,SGP,NA,NA,NA,NA,NA,NA,NA,NA,NA,FALSE
SGP-jongeren Merwestreek,916076498549478,SGP,NA,NA,NA,NA,NA,NA,NA,NA,NA,FALSE
SGPJ Ambacht-Zwijndrecht,182568432352387,SGP,NA,NA,NA,NA,NA,NA,NA,NA,NA,FALSE
SP Bergen op Zoom,299486430147132,SP,NA,NA,NA,NA,NA,NA,NA,NA,NA,FALSE
SP Capelle aan den IJssel,1385539908345370,SP,NA,NA,NA,NA,NA,NA,NA,NA,NA,FALSE
SP Gouda,358346067510653,SP,NA,NA,NA,NA,NA,NA,NA,NA,NA,FALSE
SP Halderberge Rucphen,1877043885916734,SP,NA,NA,NA,NA,NA,NA,NA,NA,NA,FALSE
SP Landgraaf,190998791633352,SP,NA,NA,NA,NA,NA,NA,NA,NA,NA,FALSE
SP Landsmeer/Waterland,262069787271921,SP,NA,NA,NA,NA,NA,NA,NA,NA,NA,FALSE
SP Lelystad,600613763337572,SP,NA,NA,NA,NA,NA,NA,NA,NA,NA,FALSE
SP Schagen,118479041566849,SP,NA,NA,NA,NA,NA,NA,NA,NA,NA,FALSE
SP afdeling Emmen,323433701105781,SP,NA,NA,NA,NA,NA,NA,NA,NA,NA,FALSE
Volt Rotterdam,667343843707423,Volt Nederland,NA,NA,NA,NA,NA,NA,NA,NA,NA,FALSE
Volt Utrecht,448705809216110,Volt Nederland,NA,NA,NA,NA,NA,NA,NA,NA,NA,FALSE
Volt Zeeland,109419847588993,Volt Nederland,NA,NA,NA,NA,NA,NA,NA,NA,NA,FALSE
voltnederland,2254339927992005,Volt Nederland,NA,NA,NA,NA,NA,NA,NA,NA,NA,FALSE
Claire Martens -raadslid Amsterdamse VVD-,299978833838923,VVD,NA,NA,NA,NA,NA,NA,NA,NA,NA,FALSE
De Nieuwegeinse VVD,383092391883267,VVD,NA,NA,NA,NA,NA,NA,NA,NA,NA,FALSE
Erik Haverkort - VVD,100588985336140,VVD,NA,NA,NA,NA,NA,NA,NA,NA,NA,FALSE
Graafse VVD,153280281401807,VVD,NA,NA,NA,NA,NA,NA,NA,NA,NA,FALSE
Janine van Hulsteijn,602178776878921,VVD,NA,NA,NA,NA,NA,NA,NA,NA,NA,FALSE
Joey Leeuwinga,446290229247621,VVD,NA,NA,NA,NA,NA,NA,NA,NA,NA,FALSE
Liesbeth Rooijmans - VVD,101960038530154,VVD,NA,NA,NA,NA,NA,NA,NA,NA,NA,FALSE
Martijn Buijsse #53 VVD,103530541783879,VVD,NA,NA,NA,NA,NA,NA,NA,NA,NA,FALSE
Peter de Groot - VVD,104583928192941,VVD,NA,NA,NA,NA,NA,NA,NA,NA,NA,FALSE
Roelof Theun Hoen,180023369422229,VVD,NA,NA,NA,NA,NA,NA,NA,NA,NA,FALSE
Ruben Brekelmans,104116481720032,VVD,NA,NA,NA,NA,NA,NA,NA,NA,NA,FALSE
Thom van Campen VVD,337319254292145,VVD,NA,NA,NA,NA,NA,NA,NA,NA,NA,FALSE
Tim Simons,106058884856260,VVD,NA,NA,NA,NA,NA,NA,NA,NA,NA,FALSE
VVD - Edith van den Ham,597349860355112,VVD,NA,NA,NA,NA,NA,NA,NA,NA,NA,FALSE
VVD Alphen-Chaam,1812265315505886,VVD,NA,NA,NA,NA,NA,NA,NA,NA,NA,FALSE
VVD Amstelveen,190006687752310,VVD,NA,NA,NA,NA,NA,NA,NA,NA,NA,FALSE
VVD Assen,238437236319251,VVD,NA,NA,NA,NA,NA,NA,NA,NA,NA,FALSE
VVD Beekdaelen,215146218889965,VVD,NA,NA,NA,NA,NA,NA,NA,NA,NA,FALSE
VVD Bernheze,1593395534300029,VVD,NA,NA,NA,NA,NA,NA,NA,NA,NA,FALSE
VVD Borger-Odoorn,333261296860074,VVD,NA,NA,NA,NA,NA,NA,NA,NA,NA,FALSE
VVD Drenthe,1530277467215488,VVD,NA,NA,NA,NA,NA,NA,NA,NA,NA,FALSE
VVD Dronten,319563324738156,VVD,NA,NA,NA,NA,NA,NA,NA,NA,NA,FALSE
VVD Goes,535497706467042,VVD,NA,NA,NA,NA,NA,NA,NA,NA,NA,FALSE
VVD Groningen,121704097936297,VVD,NA,NA,NA,NA,NA,NA,NA,NA,NA,FALSE
VVD HIA,366931160160935,VVD,NA,NA,NA,NA,NA,NA,NA,NA,NA,FALSE
VVD Haarlemmermeer,240487486029252,VVD,NA,NA,NA,NA,NA,NA,NA,NA,NA,FALSE
VVD Hilvarenbeek,170264783021544,VVD,NA,NA,NA,NA,NA,NA,NA,NA,NA,FALSE
VVD Hoeksche Waard,344688586019193,VVD,NA,NA,NA,NA,NA,NA,NA,NA,NA,FALSE
VVD Hoorn,226011184205452,VVD,NA,NA,NA,NA,NA,NA,NA,NA,NA,FALSE
VVD Jeannette Baljeu,864975727175786,VVD,NA,NA,NA,NA,NA,NA,NA,NA,NA,FALSE
VVD Kaag en Braassem,509341095749258,VVD,NA,NA,NA,NA,NA,NA,NA,NA,NA,FALSE
VVD Leeuwarden,1377601545801431,VVD,NA,NA,NA,NA,NA,NA,NA,NA,NA,FALSE
VVD Leusden,246449775514598,VVD,NA,NA,NA,NA,NA,NA,NA,NA,NA,FALSE
VVD Lingewaard,305121659514613,VVD,NA,NA,NA,NA,NA,NA,NA,NA,NA,FALSE
VVD Noordoostpolder,1390230454568514,VVD,NA,NA,NA,NA,NA,NA,NA,NA,NA,FALSE
VVD Oss,922275131120043,VVD,NA,NA,NA,NA,NA,NA,NA,NA,NA,FALSE
VVD Oude-IJsselstreek,212733135936874,VVD,NA,NA,NA,NA,NA,NA,NA,NA,NA,FALSE
VVD Overijssel,885371264817071,VVD,NA,NA,NA,NA,NA,NA,NA,NA,NA,FALSE
VVD Regio Fryslân,105913804794830,VVD,NA,NA,NA,NA,NA,NA,NA,NA,NA,FALSE
VVD Roermond,448759811826413,VVD,NA,NA,NA,NA,NA,NA,NA,NA,NA,FALSE
VVD Soest-Soesterberg,103877048563570,VVD,NA,NA,NA,NA,NA,NA,NA,NA,NA,FALSE
VVD Veenendaal,254628621255389,VVD,NA,NA,NA,NA,NA,NA,NA,NA,NA,FALSE
VVD Westfriesland,238370166527350,VVD,NA,NA,NA,NA,NA,NA,NA,NA,NA,FALSE
VVD Westland,223379487703566,VVD,NA,NA,NA,NA,NA,NA,NA,NA,NA,FALSE
VVD Weststellingwerf,383790798412506,VVD,NA,NA,NA,NA,NA,NA,NA,NA,NA,FALSE
VVD Zutphen-Warnsveld,1388244018106570,VVD,NA,NA,NA,NA,NA,NA,NA,NA,NA,FALSE
VVD in de Eerste Kamer,105879341498800,VVD,NA,NA,NA,NA,NA,NA,NA,NA,NA,FALSE
VVD-Maashorst,457810957661494,VVD,NA,NA,NA,NA,NA,NA,NA,NA,NA,FALSE
de Bergse VVD,487529177944861,VVD,NA,NA,NA,NA,NA,NA,NA,NA,NA,FALSE
PvdA-GroenLinks Boxtel,1381731098742805,PvdA,yo,NA,NA,NA,NA,NA,NA,NA,NA,FALSE
"PvdA-GroenLinks Vught, Helvoirt & Cromvoirt",329248237216890,PvdA,yo,NA,NA,NA,NA,NA,NA,NA,NA,FALSE
Jonge Socialisten Rijnmond,143150269032772,PvdA,yo,NA,NA,NA,NA,NA,NA,NA,NA,FALSE
SGP ChristenUnie Goes,100881570041931,ChristenUnie,yo,NA,NA,NA,NA,NA,NA,NA,NA,FALSE
GroenLinks Limburg,277830172423745,GroenLinks,NA,NA,NA,NA,NA,NA,NA,NA,NA,FALSE
GroenLinks De Fryske Marren,228860957246908,GroenLinks,NA,NA,NA,NA,NA,NA,NA,NA,NA,FALSE
GroenLinks Brabant,157612007615228,GroenLinks,NA,NA,NA,NA,NA,NA,NA,NA,NA,FALSE
Tunahan Kuzu,596153377149961,DENK,NA,NA,NA,NA,NA,NA,NA,NA,NA,FALSE
Limburg Herdenkt,1559449840931289,DENK,NA,NA,NA,NA,NA,NA,NA,NA,NA,FALSE
Mahmut Sungur DENK,106297492362053,DENK,NA,NA,NA,NA,NA,NA,NA,NA,NA,FALSE
CU - SGP Leiderdorp,560364254048737,SGP,NA,NA,NA,NA,NA,NA,NA,NA,NA,FALSE
Kees van der Staaij,135227606660572,SGP,NA,NA,NA,NA,NA,NA,NA,NA,NA,FALSE
SGP provincie Gelderland,425650727582091,SGP,NA,NA,NA,NA,NA,NA,NA,NA,NA,FALSE
SGP Tholen,392267247557030,SGP,NA,NA,NA,NA,NA,NA,NA,NA,NA,FALSE
PVV Almelo,745905415586298,PVV,NA,NA,NA,NA,NA,NA,NA,NA,NA,FALSE
PVV Tweedekamer,112043525139543,PVV,NA,NA,NA,NA,NA,NA,NA,NA,NA,FALSE
PVV,141639003175865,PVV,NA,NA,NA,NA,NA,NA,NA,NA,NA,FALSE
PVV Enschede,573210659541566,PVV,NA,NA,NA,NA,NA,NA,NA,NA,NA,FALSE
Partij voor de Dieren Aa en Maas,112604644752641,PvdD,NA,NA,NA,NA,NA,NA,NA,NA,NA,FALSE
Marianne Thieme,126389617450422,PvdD,NA,NA,NA,NA,NA,NA,NA,NA,NA,FALSE
Partij voor de Dieren Schieland en de Krimpenerwaard,105999812327759,PvdD,NA,NA,NA,NA,NA,NA,NA,NA,NA,FALSE
Partij voor de Dieren Rijnland,106183841098714,PvdD,NA,NA,NA,NA,NA,NA,NA,NA,NA,FALSE
Partij voor de Dieren Groningen,105656962844422,PvdD,NA,NA,NA,NA,NA,NA,NA,NA,NA,FALSE
VVD Flevoland,421920954609274,VVD,NA,NA,NA,NA,NA,NA,NA,NA,NA,FALSE
VVD Europa,107074255523711,VVD,NA,NA,NA,NA,NA,NA,NA,NA,NA,FALSE
VVD Waterschap Scheldestromen,181667906115731,VVD,NA,NA,NA,NA,NA,NA,NA,NA,NA,FALSE
Maastrichtse VVD,815539385128257,VVD,NA,NA,NA,NA,NA,NA,NA,NA,NA,FALSE
VVD HHNK,115252804799038,VVD,NA,NA,NA,NA,NA,NA,NA,NA,NA,FALSE
Mark Rutte,34646635859,VVD,NA,NA,NA,NA,NA,NA,NA,NA,NA,FALSE
VVD Provincie Groningen,243792449107489,VVD,NA,NA,NA,NA,NA,NA,NA,NA,NA,FALSE
Minister-President,166039216791132,VVD,NA,NA,NA,NA,NA,NA,NA,NA,NA,FALSE
De Statenfractie VVD Zeeland,138562149512752,VVD,NA,NA,NA,NA,NA,NA,NA,NA,NA,FALSE
Jeroen van Dijken - VVD,1904283853212282,VVD,NA,NA,NA,NA,NA,NA,NA,NA,NA,FALSE
Pieter Dijkman VVD kandidaat Provinciale Staten van Noord-Holland,105660295711388,VVD,NA,NA,NA,NA,NA,NA,NA,NA,NA,FALSE
ChristenUnie Provincie Utrecht,544720052310663,ChristenUnie,NA,NA,NA,NA,NA,NA,NA,NA,NA,FALSE
ChristenUnie Fryslân,174501385922296,ChristenUnie,NA,NA,NA,NA,NA,NA,NA,NA,NA,FALSE
ChristenUnie Limburg,207470586040705,ChristenUnie,NA,NA,NA,NA,NA,NA,NA,NA,NA,FALSE
ChristenUnie Barneveld,388745857906285,ChristenUnie,NA,NA,NA,NA,NA,NA,NA,NA,NA,FALSE
ChristenUnie Noord-Holland,1513719122247725,ChristenUnie,NA,NA,NA,NA,NA,NA,NA,NA,NA,FALSE
ChristenUnie-SGP Haarlemmermeer,1962270687342032,ChristenUnie,NA,NA,NA,NA,NA,NA,NA,NA,NA,FALSE
ChristenUnie-SGP Oudewater,1438634716368426,ChristenUnie,NA,NA,NA,NA,NA,NA,NA,NA,NA,FALSE
ChristenUnie SGP Rotterdam,243148232487383,ChristenUnie,NA,NA,NA,NA,NA,NA,NA,NA,NA,FALSE
Arjan Langen - ChristenUnie,100237759674715,ChristenUnie,NA,NA,NA,NA,NA,NA,NA,NA,NA,FALSE
Henk Krol,1120197621364564,50PLUS,NA,NA,NA,NA,NA,NA,NA,NA,NA,FALSE
50plus Zuid-Holland,105228219094910,50PLUS,NA,NA,NA,NA,NA,NA,NA,NA,NA,FALSE
50PLUS-Overijssel,108387285493926,50PLUS,NA,NA,NA,NA,NA,NA,NA,NA,NA,FALSE
50PLUSFlevoland,478982942635390,50PLUS,NA,NA,NA,NA,NA,NA,NA,NA,NA,FALSE
SP Noord-Brabant,1525295717743886,SP,NA,NA,NA,NA,NA,NA,NA,NA,NA,FALSE
"ROOD, jong in de SP",219315465900,SP,NA,NA,NA,NA,NA,NA,NA,NA,NA,FALSE
SP Jongeren,110333761471734,SP,NA,NA,NA,NA,NA,NA,NA,NA,NA,FALSE
D66 Dalfsen,415242511939767,D66,NA,NA,NA,NA,NA,NA,NA,NA,NA,FALSE
CDAAchtkarspelen,498631290179145,CDA,NA,NA,NA,NA,NA,NA,NA,NA,NA,FALSE
CDA Drents Overijsselse Delta,104781687807849,CDA,NA,NA,NA,NA,NA,NA,NA,NA,NA,FALSE
Sybrand Buma,1111353662231954,CDA,NA,NA,NA,NA,NA,NA,NA,NA,NA,FALSE
PvdA Zuid-Holland,526682507436451,PvdA,NA,NA,NA,NA,NA,NA,NA,NA,NA,FALSE
PvdA Coevorden,270919709744419,PvdA,NA,NA,NA,NA,NA,NA,NA,NA,NA,FALSE
PvdA Waalwijk (This Page has been deleted.),1551637291831665,PvdA,NA,NA,NA,NA,NA,NA,NA,NA,NA,FALSE
PvdA Limburg,165914046762784,PvdA,NA,NA,NA,NA,NA,NA,NA,NA,NA,FALSE
PvdA Breda,110883405741664,PvdA,NA,NA,NA,NA,NA,NA,NA,NA,NA,FALSE
PvdA Noord Holland,226310417539522,PvdA,NA,NA,NA,NA,NA,NA,NA,NA,NA,FALSE
PvdA Zevenaar,385731594812535,PvdA,NA,NA,NA,NA,NA,NA,NA,NA,NA,FALSE
Alliantie,109519805323713,Alliantie,NA,NA,NA,NA,NA,NA,NA,NA,NA,FALSE
Henriette van Hedel - Alliantie,103838582646296,Alliantie,NA,NA,NA,NA,NA,NA,NA,NA,NA,FALSE
BBB BoerBurgerBeweging,338750440106782,BBB,NA,Boerburgerbeweging,19101,55,BBB,NA,NA,NA,NA,FALSE
CDA Gelderland,133724653386228,CDA,NA,CDA Gelderland,2199,68,CDA,CDA,NA,NA,NA,FALSE
D66 Noord-Holland,624058687606718,D66,NA,D66,1623,14,D66,D66,NA,NA,NA,FALSE
CDA Fryslân,121867394634298,CDA,NA,CDA Fryslân,1489,101,CDA,CDA,NA,NA,NA,FALSE
D66 Zuid-Holland,299647013657,D66,NA,D66,840,7,D66,D66,NA,NA,NA,FALSE
D66 Provincie Utrecht,146789088709224,D66,NA,D66,739,10,D66,D66,NA,NA,NA,FALSE
VVD Brabant,644928592236017,VVD,NA,VVD Brabant,725,25,VVD,VVD,NA,NA,NA,FALSE
D66 Noord-Brabant,907173135967616,D66,NA,D66,604,10,D66,D66,NA,NA,NA,FALSE
Volt Brabant,100598156282247,Volt Nederland,NA,Volt Brabant,604,38,Volt Nederland,Volt Nederland,NA,NA,NA,FALSE
BBB Boerburgerbeweging Zeeland,102905492302806,BBB,NA,BoerBurgerBeweging,471,6,BBB,NA,NA,NA,NA,FALSE
D66 Limburg,514602005332873,D66,NA,D66,450,6,D66,D66,NA,NA,NA,FALSE
Volt Noord-Holland,105326315333967,Volt Nederland,NA,Volt Noord-Holland,374,52,Volt Nederland,Volt Nederland,NA,NA,NA,FALSE
D66 Fryslân,374668649274849,D66,NA,D66,367,6,D66,D66,NA,NA,NA,FALSE
D66 Provincie Groningen,610533965679052,D66,NA,D66,324,12,D66,D66,NA,NA,NA,FALSE
PVVLimburg,105262589168470,PVV,NA,Anbi stichting Ondersteuning PVV Limburg,300,4,PVV,PVV,NA,NA,NA,FALSE
BBB Boerburgerbeweging Noord-Holland,100367435948605,BBB,NA,BoerBurgerBeweging,250,2,BBB,NA,NA,NA,NA,FALSE
D66 Flevoland,261561310575176,D66,NA,D66,240,8,D66,D66,NA,NA,NA,FALSE
D66 Gelderland,114857098583610,D66,NA,D66,238,8,D66,D66,NA,NA,NA,FALSE
D66 Drenthe,104517201638527,D66,NA,D66,167,4,D66,D66,NA,NA,NA,FALSE
BVNL-Haarlemmermeer,109874178164594,BVNL,NA,Albertus De Ruiter,142,7,BVNL,NA,NA,NA,NA,FALSE
Ronnie Buiks - CDA Brabant,113005505052234,CDA,NA,CDA Brabant,139,6,CDA,CDA,NA,NA,NA,FALSE
Partij voor de Dieren provincie Utrecht,2269663599935960,PvdD,NA,Partij voor de Dieren,≤100,1,PvdD,PvdD,NA,NA,NA,FALSE
PvdA Laarbeek,345965619184255,PvdA,NA,PvdA Laarbeek,≤100,14,PvdA,PvdA,NA,NA,NA,FALSE
BBB Boerburgerbeweging Limburg,108546261782184,BBB,NA,BBB BoerBurgerBeweging,≤100,1,BBB,BBB,NA,NA,NA,FALSE
PVV Daryl Pfoster,1463826417185442,PVV,NA,Daryl Didi Wiedje Pfoster,≤100,3,PVV,NA,NA,NA,NA,FALSE
PvdA Pro Texel,379066192245654,PvdA,NA,PvdA Pro Texel,≤100,8,PvdA,PvdA,NA,NA,NA,FALSE
VVD Gelderland,159481067515060,VVD,NA,VVD Gelderland,≤100,5,VVD,VVD,NA,NA,NA,FALSE
Bart Megens Statenlid PVV Limburg,400508250496182,PVV,NA,Megens Bart J M H,≤100,3,PVV,NA,NA,NA,NA,FALSE
BVNL Zaltbommel,104489781983494,BVNL,NA,Jordy Versteeg,≤100,2,BVNL,NA,NA,NA,NA,FALSE
Arjan de Kok - BVNL,100938695703659,BVNL,NA,Adriaan De Kok,≤100,5,BVNL,NA,NA,NA,NA,FALSE
Martijn Coenen - D66 Lingewaard,240106474609476,D66,NA,Martijn Coenen,≤100,1,D66,NA,NA,NA,NA,FALSE
VVD Baarn,399299976834885,VVD,NA,VVD Baarn,≤100,1,VVD,VVD,NA,NA,NA,FALSE
Nicki Kappel - ChristenUnie,103367516032946,ChristenUnie,NA,Nicki Kappel,≤100,2,ChristenUnie,NA,NA,NA,NA,FALSE
Partij voor de Dieren De Stichtse Rijnlanden,100743318818368,PvdD,NA,Partij voor de Dieren,≤100,1,PvdD,PvdD,NA,NA,NA,FALSE
GroenLinks Parkstad,381853668686946,GroenLinks,NA,GroenLinks,≤100,2,GroenLinks,GroenLinks,NA,NA,NA,FALSE
GroenLinks Geldrop-Mierlo,433287416715768,GroenLinks,NA,GroenLinks Geldrop-Mierlo,≤100,1,GroenLinks,GroenLinks,NA,NA,NA,FALSE
BVNL Gelderland,118331774489558,BVNL,NA,BVNL Gelderland,≤100,6,BVNL,BVNL,NA,NA,NA,FALSE
GroenLinks Texel,283811678740257,GroenLinks,NA,GroenLinks Texel,≤100,2,GroenLinks,GroenLinks,NA,NA,NA,FALSE
CDA Albrandswaard,103347675627728,CDA,NA,Christiaan Van Der Kaaij,≤100,1,CDA,NA,NA,NA,NA,FALSE
PVV Emmen,693494117480577,PVV,NA,Klaas Bosma,≤100,2,PVV,NA,NA,NA,NA,FALSE
CU Capelle a/d IJssel,181404488676881,ChristenUnie,NA,CU Capelle aan den IJssel,≤100,1,ChristenUnie,ChristenUnie,NA,NA,NA,FALSE
BBB Waterschap Vechtstromen,110825988562477,BBB,NA,These ads ran without a disclaimer,≤100,2,BBB,NA,NA,NA,NA,FALSE
GroenLinks Súdwest-Fryslân,1981149088795821,GroenLinks,NA,GroenLinks Súdwest-Fryslân,≤100,1,GroenLinks,GroenLinks,NA,NA,NA,FALSE
PVV Thijs Klaassen,151426432189616,PVV,NA,Mathijs Hendrik Johan Klaassen,≤100,1,PVV,NA,NA,NA,NA,FALSE
VVD Brummen-Eerbeek,103147491104303,VVD,NA,VVD Brummen-Eerbeek,≤100,1,VVD,VVD,NA,NA,NA,FALSE
D66 Venray,444575518984718,D66,NA,D66 Venray,≤100,2,D66,D66,NA,NA,NA,FALSE
GroenLinks Noordwijk,163793684100220,GroenLinks,NA,These ads ran without a disclaimer,≤100,1,GroenLinks,NA,NA,NA,NA,FALSE
groenlinksnop,107008192281537,GroenLinks,NA,NA,NA,NA,NA,NA,NA,NA,NA,FALSE
GroenLinks Ooststellingwerf,1798055543846554,GroenLinks,NA,NA,NA,NA,NA,NA,NA,NA,NA,FALSE
Job van Hussen,108274228854551,GroenLinks,NA,NA,NA,NA,NA,NA,NA,NA,NA,FALSE
GroenLinks Terneuzen,756660471083380,GroenLinks,NA,NA,NA,NA,NA,NA,NA,NA,NA,FALSE
GroenLinks Haarlem,112916598847949,GroenLinks,NA,NA,NA,NA,NA,NA,NA,NA,NA,FALSE
DENK Amersfoort,158639744757602,DENK,NA,NA,NA,NA,NA,NA,NA,NA,NA,FALSE
Partij voor de Dieren Brabantse Delta,207240870164873,PvdD,NA,NA,NA,NA,NA,NA,NA,NA,NA,FALSE
Roy Walraven,106139622026530,VVD,NA,NA,NA,NA,NA,NA,NA,NA,NA,FALSE
VVD Rheden,527578347325449,VVD,NA,NA,NA,NA,NA,NA,NA,NA,NA,FALSE
Erica van Engel,1427397867569332,VVD,NA,NA,NA,NA,NA,NA,NA,NA,NA,FALSE
vvddrenthe,116200054716197,VVD,NA,NA,NA,NA,NA,NA,NA,NA,NA,FALSE
Marie-Claire Dijkman,100409316332158,VVD,NA,NA,NA,NA,NA,NA,NA,NA,NA,FALSE
Guus Pelzer,104659002542527,VVD,NA,NA,NA,NA,NA,NA,NA,NA,NA,FALSE
VVD Provincie Utrecht,377904082385633,VVD,NA,NA,NA,NA,NA,NA,NA,NA,NA,FALSE
VVD Reusel-De Mierden,175246136202188,VVD,NA,NA,NA,NA,NA,NA,NA,NA,NA,FALSE
Lily Amani Ayan,107845255273633,VVD,NA,NA,NA,NA,NA,NA,NA,NA,NA,FALSE
ChristenUnie Reimerswaal,663377467167915,ChristenUnie,NA,NA,NA,NA,NA,NA,NA,NA,NA,FALSE
ChristenUnie Almere,463931400320244,ChristenUnie,NA,NA,NA,NA,NA,NA,NA,NA,NA,FALSE
SP Maastricht,1374803149440410,SP,NA,NA,NA,NA,NA,NA,NA,NA,NA,FALSE
Noah in de Politiek,253833008892301,CDA,NA,NA,NA,NA,NA,NA,NA,NA,NA,FALSE
CDA waterschap Brabantse Delta,102700589345543,CDA,NA,NA,NA,NA,NA,NA,NA,NA,NA,FALSE
CDA Opmeer,106071838152724,CDA,NA,NA,NA,NA,NA,NA,NA,NA,NA,FALSE
Anne Kuik,580958688640416,CDA,NA,NA,NA,NA,NA,NA,NA,NA,NA,FALSE
Campagne Noortje Flink,100291879670117,PvdA,NA,NA,NA,NA,NA,NA,NA,NA,NA,FALSE
PvdA Schouwen-Duiveland,1753472264956492,PvdA,NA,NA,NA,NA,NA,NA,NA,NA,NA,FALSE
PvdA - GroenLinks Zeeland,338253336299174,PvdA,NA,NA,NA,NA,NA,NA,NA,NA,NA,FALSE
PvdA Hoogeveen,102600515629125,PvdA,NA,NA,NA,NA,NA,NA,NA,NA,NA,FALSE
PvdA-GroenLinks Noord-Beveland,103792675524809,PvdA,NA,NA,NA,NA,NA,NA,NA,NA,NA,FALSE
PvdA Hoogheemraadschap Delfland,646148918810796,PvdA,NA,NA,NA,NA,NA,NA,NA,NA,NA,FALSE
Partij van de Arbeid - Ommen,472296739547854,PvdA,NA,NA,NA,NA,NA,NA,NA,NA,NA,FALSE
pvdazutphen,110348075140439,PvdA,NA,NA,NA,NA,NA,NA,NA,NA,NA,FALSE
Christine Govaert,114945901516894,And,NA,NA,NA,NA,NA,NA,NA,NA,NA,FALSE
Lokaal Wassenaar,131646167463276,And,NA,NA,NA,NA,NA,NA,NA,NA,NA,FALSE
Provincie Zeeland,241405532546419,And,NA,NA,NA,NA,NA,NA,NA,NA,NA,FALSE
"Water Natuurlijk  - Amstel, Gooi en Vecht",1493469874259141,And,NA,NA,NA,NA,NA,NA,NA,NA,NA,FALSE
FNV Vakbond,121719834601889,And,NA,NA,NA,NA,NA,NA,NA,NA,NA,FALSE
Peilingen Nederland,118413801182751,And,NA,NA,NA,NA,NA,NA,NA,NA,NA,FALSE
Drents parlement,876532312366812,And,NA,NA,NA,NA,NA,NA,NA,NA,NA,FALSE
Lokaal Voor Maasgouw - LVM,1738835066359585,And,NA,NA,NA,NA,NA,NA,NA,NA,NA,FALSE
Lokaal Brabant-pagina,388426401984641,And,NA,NA,NA,NA,NA,NA,NA,NA,NA,FALSE
De Realistische Partij,1956117221310837,And,NA,NA,NA,NA,NA,NA,NA,NA,NA,FALSE
Piratenpartij Amsterdam,299658540148252,And,NA,NA,NA,NA,NA,NA,NA,NA,NA,FALSE
Gemeente Diemen,336639406375829,And,NA,NA,NA,NA,NA,NA,NA,NA,NA,FALSE
Stadsdeel Leidschenveen-Ypenburg,111063021232523,And,NA,NA,NA,NA,NA,NA,NA,NA,NA,FALSE
Provinciaal Belang Fryslan,180902585267312,And,NA,NA,NA,NA,NA,NA,NA,NA,NA,FALSE
OPNH,106344505211908,And,NA,NA,NA,NA,NA,NA,NA,NA,NA,FALSE
Anwer Masifi,111996954938542,And,NA,NA,NA,NA,NA,NA,NA,NA,NA,FALSE
Kennispunt Lokale Politieke Partijen,111846733645827,And,NA,NA,NA,NA,NA,NA,NA,NA,NA,FALSE
Karin Duijsters,101153055838871,And,NA,NA,NA,NA,NA,NA,NA,NA,NA,FALSE
GBW - GemeenteBelang Westland,715071878511707,And,NA,NA,NA,NA,NA,NA,NA,NA,NA,FALSE
Sabine Maas-Kuijpers,105376615344276,And,NA,NA,NA,NA,NA,NA,NA,NA,NA,FALSE
Dré Peters Politicus,116523104683157,And,NA,NA,NA,NA,NA,NA,NA,NA,NA,FALSE
"Ministerie van Volksgezondheid, Welzijn en Sport",194170320600024,And,NA,NA,NA,NA,NA,NA,NA,NA,NA,FALSE
Liberaal Hoorn,102795058943786,And,NA,NA,NA,NA,NA,NA,NA,NA,NA,FALSE
Waddenvereniging,160464877301633,And,NA,NA,NA,NA,NA,NA,NA,NA,NA,FALSE
Progressief Woerden,490800347621521,And,NA,NA,NA,NA,NA,NA,NA,NA,NA,FALSE
Ministerie van Binnenlandse Zaken en Koninkrijksrelaties,326441484085577,And,NA,NA,NA,NA,NA,NA,NA,NA,NA,FALSE
Partij voor behoud van de Nederlandse identiteit,1909126929105800,And,NA,NA,NA,NA,NA,NA,NA,NA,NA,FALSE
Provincie Zuid-Holland,340367026037527,And,NA,NA,NA,NA,NA,NA,NA,NA,NA,FALSE
Groninger Belang,687370028014285,And,NA,NA,NA,NA,NA,NA,NA,NA,NA,FALSE
Gemeenschapslijst,422427764515092,And,NA,NA,NA,NA,NA,NA,NA,NA,NA,FALSE
Momentum Hollandia,104524537795590,And,NA,NA,NA,NA,NA,NA,NA,NA,NA,FALSE
PVWV,107203482292062,And,NA,NA,NA,NA,NA,NA,NA,NA,NA,FALSE
TOP / Gemeentebelangen,255420017955953,And,NA,NA,NA,NA,NA,NA,NA,NA,NA,FALSE
Hoogheemraadschap van Delfland,189621071055630,And,NA,NA,NA,NA,NA,NA,NA,NA,NA,FALSE
Gemeente Waddinxveen,1408087399224304,And,NA,NA,NA,NA,NA,NA,NA,NA,NA,FALSE
Gemeente Bronckhorst,347026811974195,And,NA,NA,NA,NA,NA,NA,NA,NA,NA,FALSE
Stadspartij 100% voor Groningen,331584060673557,And,NA,NA,NA,NA,NA,NA,NA,NA,NA,FALSE
Water Natuurlijk Delfland,811104718955497,And,NA,NA,NA,NA,NA,NA,NA,NA,NA,FALSE
LochemGroen,106781258456469,And,NA,NA,NA,NA,NA,NA,NA,NA,NA,FALSE
Provincie Noord-Holland,195325640540297,And,NA,NA,NA,NA,NA,NA,NA,NA,NA,FALSE
Voor-BergenopZoom,109779981714631,And,NA,NA,NA,NA,NA,NA,NA,NA,NA,FALSE
Gemeente Ridderkerk,284142971975045,And,NA,NA,NA,NA,NA,NA,NA,NA,NA,FALSE
FNP Fryslân,542364179119408,And,NA,NA,NA,NA,NA,NA,NA,NA,NA,FALSE
Partijvdsport Olst-Wijhe,108037385126514,And,NA,NA,NA,NA,NA,NA,NA,NA,NA,FALSE
"Parlamentario Raymicheline ""Misha"" Raymond",100424352399009,And,NA,NA,NA,NA,NA,NA,NA,NA,NA,FALSE
Gemeente Terneuzen,346781598714044,And,NA,NA,NA,NA,NA,NA,NA,NA,NA,FALSE
Belang van Nederland - Brabant,102060248820764,And,NA,NA,NA,NA,NA,NA,NA,NA,NA,FALSE
Provincie Flevoland,332881600125139,And,NA,NA,NA,NA,NA,NA,NA,NA,NA,FALSE
Euregionaal Congresburo,257093621025404,And,NA,NA,NA,NA,NA,NA,NA,NA,NA,FALSE
ELP,491738964280152,And,NA,NA,NA,NA,NA,NA,NA,NA,NA,FALSE
18PLUS,383115815114079,And,NA,NA,NA,NA,NA,NA,NA,NA,NA,FALSE
Jan Klopman,1689538434674496,And,NA,NA,NA,NA,NA,NA,NA,NA,NA,FALSE
Provincie Utrecht,1237207133024393,And,NA,NA,NA,NA,NA,NA,NA,NA,NA,FALSE
Lokaal Realisme,107809534704270,And,NA,NA,NA,NA,NA,NA,NA,NA,NA,FALSE
Hart voor Medemblik - HvM,100110105027855,And,NA,NA,NA,NA,NA,NA,NA,NA,NA,FALSE
NieuwRechts,100660309175869,And,NA,NA,NA,NA,NA,NA,NA,NA,NA,FALSE
Christelijk Verbond Oldebroek - CVO,114239984509601,And,NA,NA,NA,NA,NA,NA,NA,NA,NA,FALSE
Burger Partij Amersfoort (BPA),323293641049229,And,NA,NA,NA,NA,NA,NA,NA,NA,NA,FALSE
Partij Sleutelstad Leiden,107042108303694,And,NA,NA,NA,NA,NA,NA,NA,NA,NA,FALSE
Lokaal Belang Eemsdelta,339709770252856,And,NA,NA,NA,NA,NA,NA,NA,NA,NA,FALSE
Volt Maastricht,1158737427670503,V,NA,NA,NA,NA,NA,NA,NA,NA,NA,FALSE
JA21 Drenthe,104339754859621,Ja21,NA,NA,NA,NA,NA,NA,NA,NA,NA,FALSE
BBB Boerburgerbeweging Drenthe,108924971679347,BBB,NA,NA,NA,NA,NA,NA,NA,NA,NA,FALSE
BBB Boerburgerbeweging Utrecht,106666898640608,BBB,NA,NA,NA,NA,NA,NA,NA,NA,NA,FALSE
BBB Boerburgerbeweging Zuid-Holland,103223555657667,BBB,NA,NA,NA,NA,NA,NA,NA,NA,NA,FALSE
BBB Boerburgerbeweging Groningen,108302745077200,BBB,NA,NA,NA,NA,NA,NA,NA,NA,NA,FALSE
BBB Boerburgerbeweging Noord-Brabant,106031525371135,BBB,NA,NA,NA,NA,NA,NA,NA,NA,NA,FALSE
BBB Boerburgerbeweging Fryslȃn,108918535013324,BBB,NA,NA,NA,NA,NA,NA,NA,NA,NA,FALSE
BBB Boerburgerbeweging Flevoland,106486751992356,BBB,NA,NA,NA,NA,NA,NA,NA,NA,NA,FALSE
BBB Boerburgerbeweging Overijssel,102351109025041,BBB,NA,NA,NA,NA,NA,NA,NA,NA,NA,FALSE
BBB Boerburgerbeweging Gelderland,101202335863822,BBB,NA,NA,NA,NA,NA,NA,NA,NA,NA,FALSE
BVNL Limburg,109320098670980,BVNL,NA,BVNL Limburg,≤100,1,BVNL,BVNL,data/reports/FacebookAdLibraryReport_2023-03-07_NL_yesterday_advertisers.csv,2023-03-07,50,FALSE
CDA Waterschap Rijn & IJssel,102030152751430,CDA,NA,CDA Waterschap Rijn & IJssel,≤100,1,CDA,CDA,data/reports/FacebookAdLibraryReport_2023-03-07_NL_yesterday_advertisers.csv,2023-03-07,50,FALSE
PvdA Gooise Meren,742717009178513,PvdA,NA,PvdA Gooise Meren,≤100,1,PvdA,PvdA,data/reports/FacebookAdLibraryReport_2023-03-07_NL_yesterday_advertisers.csv,2023-03-07,50,FALSE
GroenLinks De Bilt,206634616180389,GroenLinks,NA,Leyla Ummels Çavuşoğlu,≤100,1,GroenLinks,NA,data/reports/FacebookAdLibraryReport_2023-03-07_NL_yesterday_advertisers.csv,2023-03-07,50,FALSE
ChristenUnie Zeist,1438570786354286,ChristenUnie,NA,ChristenUnie Zeist,≤100,2,ChristenUnie,ChristenUnie,data/reports/FacebookAdLibraryReport_2023-03-07_NL_yesterday_advertisers.csv,2023-03-07,50,FALSE
VVD Oosterhout,124194984359789,VVD,NA,VVD Oosterhout,≤100,1,VVD,VVD,data/reports/FacebookAdLibraryReport_2023-03-07_NL_yesterday_advertisers.csv,2023-03-07,50,FALSE
ChristenUnie Tholen,645684475497789,ChristenUnie,NA,ChristenUnie Tholen,≤100,1,ChristenUnie,ChristenUnie,data/reports/FacebookAdLibraryReport_2023-03-07_NL_yesterday_advertisers.csv,2023-03-07,50,FALSE
ChristenUnie waterschap Vechtstromen,789954968017738,ChristenUnie,NA,These ads ran without a disclaimer,≤100,1,ChristenUnie,NA,data/reports/FacebookAdLibraryReport_2023-03-07_NL_yesterday_advertisers.csv,2023-03-07,50,FALSE
PvdA Venray,404286903010029,PvdA,NA,Partij van de arbeid Venray,≤100,1,PvdA,NA,data/reports/FacebookAdLibraryReport_2023-03-08_NL_yesterday_advertisers.csv,2023-03-08,50,FALSE
BVNL Peel en Maas,107390432298459,BVNL,NA,Wouter Geboers,≤100,1,BVNL,NA,data/reports/FacebookAdLibraryReport_2023-03-08_NL_yesterday_advertisers.csv,2023-03-08,50,FALSE
Volt Zuid-Holland,109951188644465,Volt Nederland,NA,Volt Zuid-Holland,119,57,Volt Nederland,Volt Nederland,data/reports/FacebookAdLibraryReport_2023-03-09_NL_yesterday_advertisers.csv,2023-03-09,119,FALSE
ChristenUnie-SGP Noord-Brabant,1585007828396450,ChristenUnie,NA,ChristenUnie-SGP Noord-Brabant,≤100,1,ChristenUnie,ChristenUnie,data/reports/FacebookAdLibraryReport_2023-03-09_NL_yesterday_advertisers.csv,2023-03-09,50,FALSE
PvdA Dalfsen,472491742803558,PvdA,NA,PvdA Dalfsen,≤100,2,PvdA,PvdA,data/reports/FacebookAdLibraryReport_2023-03-09_NL_yesterday_advertisers.csv,2023-03-09,50,FALSE
ClaudioBlok.VVD,106598091938464,VVD,NA,Claudio Blok,≤100,1,VVD,NA,data/reports/FacebookAdLibraryReport_2023-03-09_NL_yesterday_advertisers.csv,2023-03-09,50,FALSE
SP Heerlen,257312361663,SP,NA,Arlette Vrusch,≤100,1,SP,NA,data/reports/FacebookAdLibraryReport_2023-03-09_NL_yesterday_advertisers.csv,2023-03-09,50,FALSE
Ekrem Selimspahic,116492734695937,DENK,NA,NA,NA,NA,NA,NA,NA,NA,NA,FALSE
Tiemen Jan van Dijk,118426264517896,VVD,NA,NA,NA,NA,NA,NA,NA,NA,NA,FALSE
D66 Oisterwijk,1345685305522860,D66,NA,NA,NA,NA,NA,NA,NA,NA,NA,FALSE
CDA Midden-Groningen,1649013595380040,CDA,NA,NA,NA,NA,NA,NA,NA,NA,NA,FALSE
Rudy Tegels,837647219611717,CDA,NA,NA,NA,NA,NA,NA,NA,NA,NA,FALSE
Hart voor Bloemendaal,692423567477734,And,NA,NA,NA,NA,NA,NA,NA,NA,NA,FALSE
JA21 Noord-Holland,670551846971300,Ja21,NA,NA,NA,NA,NA,NA,NA,NA,NA,FALSE
JA21 Limburg,111453351878488,Ja21,NA,NA,NA,NA,NA,NA,NA,NA,NA,FALSE
Dario Prinsen,100286368532402,BBB,NA,NA,NA,NA,NA,NA,NA,NA,NA,FALSE
CDA Brabant,715432808550645,CDA,new,CDA Brabant,≤100,32,CDA,CDA,data/reports/FacebookAdLibraryReport_2023-03-10_NL_yesterday_advertisers.csv,2023-03-10,50,FALSE
PvdA Tiel,1414131035469220,PvdA,new,Darwin Verbeek,≤100,1,PvdA,NA,data/reports/FacebookAdLibraryReport_2023-03-10_NL_yesterday_advertisers.csv,2023-03-10,50,FALSE
ChristenUnie Gelderland,1462668553973131,ChristenUnie,new,ChristenUnie Gelderland,≤100,1,ChristenUnie,ChristenUnie,data/reports/FacebookAdLibraryReport_2023-03-10_NL_yesterday_advertisers.csv,2023-03-10,50,FALSE
SP Limburg,1706286032795068,SP,new,SP Limburg,≤100,1,SP,SP,data/reports/FacebookAdLibraryReport_2023-03-10_NL_yesterday_advertisers.csv,2023-03-10,50,FALSE
Waterschap 50PLUSpartij Hoogheemraadschap Schieland en de Krimpenerwaard,364072567479011,50PLUS,new,These ads ran without a disclaimer,≤100,1,50PLUS,NA,data/reports/FacebookAdLibraryReport_2023-03-10_NL_yesterday_advertisers.csv,2023-03-10,50,FALSE
PVV Provincie Utrecht,296125217114169,PVV,new,PVV Provincie Utrecht,≤100,1,PVV,PVV,data/reports/FacebookAdLibraryReport_2023-03-11_NL_yesterday_advertisers.csv,2023-03-11,50,FALSE
Laura Ouderkerken - VVD,224122308340547,VVD,new,Laura Ouderkerken - VVD,≤100,3,VVD,VVD,data/reports/FacebookAdLibraryReport_2023-03-11_NL_yesterday_advertisers.csv,2023-03-11,50,FALSE
Marc Uijen #6 VVD - Waterschap Aa en Maas,108664558840675,VVD,new,Marc Sebastiaan Uijen,≤100,1,VVD,NA,data/reports/FacebookAdLibraryReport_2023-03-11_NL_yesterday_advertisers.csv,2023-03-11,50,FALSE
CDA IJsselstein,343890219086754,CDA,new,Frank Van Kippersluis,≤100,1,CDA,NA,data/reports/FacebookAdLibraryReport_2023-03-11_NL_yesterday_advertisers.csv,2023-03-11,50,FALSE
SP Leeuwarden,504650446219790,SP,new,SP Leeuwarden,≤100,1,SP,SP,data/reports/FacebookAdLibraryReport_2023-03-12_NL_yesterday_advertisers.csv,2023-03-12,50,FALSE
GroenLinks Provincie Groningen,705292922857832,GroenLinks,new,Bas De Boer,≤100,1,GroenLinks,NA,data/reports/FacebookAdLibraryReport_2023-03-12_NL_yesterday_advertisers.csv,2023-03-12,50,FALSE
ChristenUnie Stadskanaal,342907735809607,ChristenUnie,new,Ronald Elzen,≤100,2,ChristenUnie,NA,data/reports/FacebookAdLibraryReport_2023-03-12_NL_yesterday_advertisers.csv,2023-03-12,50,FALSE
PvdA Hengelo,613634905375602,PvdA,new,PvdA Hengelo,≤100,1,PvdA,PvdA,data/reports/FacebookAdLibraryReport_2023-03-12_NL_yesterday_advertisers.csv,2023-03-12,50,FALSE
PvdA Eemnes,106917755229086,PvdA,new,Wilma A. de Boer-Leijsma,≤100,1,PvdA,NA,data/reports/FacebookAdLibraryReport_2023-03-12_NL_yesterday_advertisers.csv,2023-03-12,50,FALSE
VVDTexel,154451034721385,VVD,new,VVD Texel,≤100,1,VVD,VVD,data/reports/FacebookAdLibraryReport_2023-03-12_NL_yesterday_advertisers.csv,2023-03-12,50,FALSE
Berkellandse CDA,102775708811654,CDA,new,CDA Fractie Berkelland,≤100,3,CDA,CDA,data/reports/FacebookAdLibraryReport_2023-03-13_NL_yesterday_advertisers.csv,2023-03-13,50,FALSE
GroenLinks Rijssen-Holten,153940348434794,GroenLinks,new,Camiel Versluis,≤100,1,GroenLinks,NA,data/reports/FacebookAdLibraryReport_2023-03-13_NL_yesterday_advertisers.csv,2023-03-13,50,FALSE
Pvda Horst aan de Maas,599139886810803,PvdA,new,PvdA Horst aan de Maas,≤100,1,NA,PvdA,data/reports/FacebookAdLibraryReport_2023-03-13_NL_yesterday_advertisers.csv,2023-03-13,50,FALSE
Bart van Erven VVD Apeldoorn,423338411446476,VVD,new,Bart Van Erven,≤100,3,VVD,NA,data/reports/FacebookAdLibraryReport_2023-03-13_NL_yesterday_advertisers.csv,2023-03-13,50,FALSE
PvdA Fryslân,532591863498196,PvdA,new,PvdA Fryslân,≤100,1,PvdA,PvdA,data/reports/FacebookAdLibraryReport_2023-03-13_NL_yesterday_advertisers.csv,2023-03-13,50,FALSE
CDA Noordoostpolder,706168352729757,CDA,new,Marc Johannes Reussing,≤100,1,CDA,NA,data/reports/FacebookAdLibraryReport_2023-03-13_NL_yesterday_advertisers.csv,2023-03-13,50,FALSE
CDA Maashorst,168873463306935,CDA,new,These ads ran without a disclaimer,≤100,1,CDA,NA,data/reports/FacebookAdLibraryReport_2023-03-13_NL_yesterday_advertisers.csv,2023-03-13,50,FALSE
CDA Oost Gelre,1922003458049644,CDA,new,CDA Oost Gelre,≤100,1,CDA,CDA,data/reports/FacebookAdLibraryReport_2023-03-14_NL_yesterday_advertisers.csv,2023-03-14,50,FALSE
Ad van Broekhoven VVD,110127828276786,VVD,new,These ads ran without a disclaimer,≤100,1,VVD,NA,data/reports/FacebookAdLibraryReport_2023-03-14_NL_yesterday_advertisers.csv,2023-03-14,50,FALSE
PVV Urk,1996821847265933,PVV,new,PVV Urk,≤100,2,PVV,PVV,data/reports/FacebookAdLibraryReport_2023-03-14_NL_yesterday_advertisers.csv,2023-03-14,50,FALSE
PvdA Rhenen-Elst-Achterberg,399862253444162,PvdA,new,Partij van de Arbeid Rhenen,≤100,1,PvdA,NA,data/reports/FacebookAdLibraryReport_2023-03-14_NL_yesterday_advertisers.csv,2023-03-14,50,FALSE
PVV Overijssel,1657040784522924,PVV,new,PVV Overijssel,259,2,PVV,PVV,data/reports/FacebookAdLibraryReport_2023-03-15_NL_yesterday_advertisers.csv,2023-03-15,259,FALSE
BVNL Flevoland,103863619253084,BVNL,new,BVNL Flevoland,204,9,BVNL,BVNL,data/reports/FacebookAdLibraryReport_2023-03-15_NL_yesterday_advertisers.csv,2023-03-15,204,FALSE
ChristenUnie Brunssum,105879418349029,ChristenUnie,new,ChristenUnie Brunssum,≤100,1,ChristenUnie,ChristenUnie,data/reports/FacebookAdLibraryReport_2023-03-15_NL_yesterday_advertisers.csv,2023-03-15,50,FALSE
